date,actual_port_calls,lgb_pred_port_calls,tft_pred_port_calls,actual_throughput,lgb_pred_throughput,tft_pred_throughput
2023-02-22,178,183.7704673638551,192.94296,29294.5,30965.9589744699,31949.338
2023-02-23,193,183.56676313281787,191.31409,32634.300000000003,30969.810109671802,31540.38
2023-02-24,204,188.52935562314147,192.6628,33471.5,31734.582653700392,30957.482
2023-02-25,174,187.09657326421828,191.42853,30962.3,30759.526122590774,31614.871
2023-02-26,207,194.0482322754313,192.8054,35173.5,32924.83622986481,31674.895
2023-02-27,171,193.8261559558475,192.798,29454.3,31447.821735562255,31728.96
2023-02-28,194,196.24946849386797,191.7273,33632.2,32901.75358819652,31531.943
2023-03-01,200,188.669124763996,192.66199,33748.8,31252.353456138393,31780.016
2023-03-02,201,197.4584051573799,191.21199,32674.5,32975.06562520163,31392.203
2023-03-03,182,184.44767515054306,192.66023,29766.5,29569.857750864812,30785.486
2023-03-04,198,196.53188061211446,191.63914,33676.3,32632.065481527996,31400.832
2023-03-05,192,184.99449203105644,192.76483,32445.5,30145.59834777507,31482.178
2023-03-06,181,187.6502408280544,192.67137,30389.3,30783.676144649748,31569.014
2023-03-07,213,191.31660938033693,191.74771,36368.3,31340.69632611023,31333.28
2023-03-08,175,186.9512805508948,192.44162,29648.2,30421.342469595314,31659.791
2023-03-09,192,190.98551736485888,191.12428,32772.4,31411.449103828076,31279.521
2023-03-10,189,201.69600313818526,192.66597,31792.9,35239.64196873571,30651.887
2023-03-11,180,189.78891662368812,191.7802,31544.0,31866.844255874603,31239.822
2023-03-12,187,187.10604553003532,192.73549,31033.2,30406.256089515522,31334.781
2023-03-13,184,188.78359062368602,192.58002,30221.2,31227.24060751016,31453.465
2023-03-14,196,194.29073026426715,191.76659,32303.8,31706.59750843512,31184.004
2023-03-15,202,188.01423286758347,192.19006,32438.0,31232.98555141089,31522.078
2023-03-16,178,183.67130851483614,191.0136,30032.3,30323.46539048523,31143.406
2023-03-17,180,180.96601889379676,192.67001,29329.0,30410.978612531453,30491.723
2023-03-18,221,197.94785411706454,191.89561,37769.1,32529.992007485944,31053.611
2023-03-19,188,199.46476423156147,192.71822,31060.4,32128.216959266414,31163.686
2023-03-20,196,194.94576112164114,192.47797,32233.9,32435.114122567382,31324.717
2023-03-21,209,196.968164170698,191.79242,35618.1,32588.05615065993,31014.844
2023-03-22,182,194.28764986837322,192.25676,31113.0,32640.02093663407,31569.645
2023-03-23,207,196.45698328320537,191.04172,33948.2,32069.90379057064,31191.486
2023-03-24,191,185.63390433998242,192.67038,32593.2,30233.03573345671,30552.795
2023-03-25,174,192.71227013215858,191.82529,29197.3,31708.247240893514,31112.178
2023-03-26,175,190.0500830536523,192.72055,29751.4,31202.23385795564,31219.33
2023-03-27,169,194.471353543852,192.50362,28446.8,32020.400334998267,31377.275
2023-03-28,199,191.46249091616673,191.81688,31917.6,31018.47717083103,31082.555
2023-03-29,204,189.4961884377491,192.31929,33092.2,31173.60482786299,31626.572
2023-03-30,167,197.599521800919,191.05722,27812.4,32095.1063178165,31248.828
2023-03-31,199,188.54610573402678,192.68901,32148.0,30758.37221966558,30616.531
2023-04-01,194,187.91412182995262,191.7641,31084.4,31407.110838536973,31178.377
2023-04-02,200,208.05310238244343,192.72264,32717.3,34864.48698427343,31279.236
2023-04-03,192,190.77993398908956,192.5415,32235.0,31446.043075979796,31439.016
2023-04-04,184,185.8656196803335,191.8477,29642.3,29285.071466968104,31151.742
2023-04-05,190,190.72786782616853,192.39954,31306.6,30925.498601357463,31692.049
2023-04-06,213,206.48807561177824,191.09227,34185.6,34296.197389399495,31309.9
2023-04-07,189,200.11188541148874,192.70616,30848.4,32827.891143359,30686.922
2023-04-08,201,190.71541844706846,191.70203,33255.8,32103.248114741415,31249.477
2023-04-09,192,196.13224246954886,192.72899,30709.1,31837.531599336653,31342.945
2023-04-10,195,188.0595724388069,192.58331,31455.1,29897.914844811054,31499.451
2023-04-11,181,190.34335962021498,191.84341,29755.8,30734.657237733594,31221.646
2023-04-12,211,200.42879544176773,192.43497,34986.0,31881.75244320815,31735.83
2023-04-13,191,188.78047008135863,191.09079,30462.5,30302.161427986677,31350.252
2023-04-14,194,188.82624650252518,192.72318,30118.6,31091.374766762296,30731.146
2023-04-15,206,190.67926009618057,191.63193,32925.6,31457.4384564849,31296.02
2023-04-16,196,189.5763574507052,192.76054,31412.1,31334.841011888304,31386.96
2023-04-17,184,202.1492289784969,192.60948,29995.2,31692.195086999018,31552.123
2023-04-18,177,189.96763351135897,191.87952,28680.9,29906.61753165983,31278.574
2023-04-19,187,187.48886572160575,192.45694,30004.4,29293.248854071957,31744.014
2023-04-20,201,188.39488268680768,191.11728,32363.500000000004,30059.620136573598,31351.807
2023-04-21,208,188.34316354128254,192.69435,33037.7,30556.461215817555,30729.188
2023-04-22,208,199.72891639845616,191.65076,33018.7,32058.818693161895,31309.107
2023-04-23,177,195.7080267482733,192.73582,28373.5,29227.575802843683,31391.834
2023-04-24,198,182.5935545218797,192.62302,30244.4,29424.01647095979,31550.432
2023-04-25,178,179.36910207723534,191.85129,27820.8,27950.28729938342,31274.525
2023-04-26,189,188.22846773090166,192.48447,28570.9,28926.225519946736,31788.152
2023-04-27,184,187.4208257572657,191.12094,28202.7,28999.36614508071,31396.467
2023-04-28,203,205.90528860402463,192.72243,31815.6,32048.6616291293,30777.012
2023-04-29,172,188.49299875117515,191.61902,25771.5,29161.800209695768,31352.965
2023-04-30,210,198.52802579154263,192.72705,33773.7,31644.281872709947,31431.398
2023-05-01,180,187.62985420634712,192.64499,26912.8,29178.883586585256,31597.695
2023-05-02,189,196.43526976497145,191.8829,30517.1,32149.515637018423,31323.533
2023-05-03,203,201.35667680029377,192.47844,31858.1,31396.618354096798,31762.58
2023-05-04,184,189.05192228123764,191.14336,28753.8,29192.563607344207,31371.139
2023-05-05,190,199.06105706962452,192.6951,29326.8,29808.12725103614,30753.785
2023-05-06,194,200.37527952029566,191.62946,29709.6,31664.209948998687,31330.012
2023-05-07,185,196.05983531774643,192.72113,28520.3,29536.954098218448,31412.299
2023-05-08,189,189.86570296512767,192.63441,28621.7,28510.87760326576,31575.078
2023-05-09,196,192.7472977076584,191.86293,30970.6,29419.14357117399,31300.107
2023-05-10,191,193.19870758169785,192.52837,28948.0,29143.906091280653,31807.771
2023-05-11,204,196.8227003636172,191.17143,31676.5,29985.28718215182,31411.76
2023-05-12,186,192.1520215951544,192.69937,28884.2,29211.066793404447,30799.943
2023-05-13,192,198.26840804355837,191.57881,28686.8,29857.025394977085,31379.43
2023-05-14,184,193.85550369718257,192.71083,27391.7,29100.95860469887,31457.404
2023-05-15,177,199.5940566911922,192.66402,27067.0,29912.762591002294,31622.705
2023-05-16,192,191.86963451442057,191.88173,29437.1,28518.062958559934,31352.36
2023-05-17,189,187.11112750442066,192.62735,27679.1,27037.270397369295,31921.19
2023-05-18,192,187.7369823548003,191.17899,29553.2,27440.18141339775,31507.416
2023-05-19,187,194.7896930603348,192.73677,27629.3,28452.560357179427,30894.088
2023-05-20,173,196.84838494281627,191.48674,24856.7,28328.14947151627,31492.01
2023-05-21,187,185.49153419564203,192.73952,28607.1,27063.940392124252,31554.604
2023-05-22,186,189.69348862903743,192.73338,26378.3,27915.899842744908,31721.355
2023-05-23,198,188.63004549898488,191.89464,29819.2,27133.397019071355,31457.457
2023-05-24,199,196.65372357315204,192.52039,28400.3,28777.764602444255,31811.244
2023-05-25,182,189.91564456183565,191.16571,26773.5,27346.393967610296,31432.494
2023-05-26,205,195.98757348555603,192.72458,30462.9,28942.766033399195,30834.896
2023-05-27,194,190.26023288647377,191.57079,28802.3,27576.078751154702,31382.645
2023-05-28,204,197.09638465590476,192.69078,30118.2,29132.5029051035,31463.723
2023-05-29,200,197.34500571414497,192.64305,28479.8,28649.558741178,31635.244
2023-05-30,210,198.84880712883552,191.91158,29096.3,28834.03688773345,31374.012
2023-05-31,161,192.87920908677253,192.39653,24247.7,27436.82288556596,31683.266
2023-06-01,180,191.48925037404157,191.1488,26042.2,26974.243239628213,31344.963
2023-06-02,181,185.010142963798,192.71385,23763.0,26340.506716817465,30762.824
2023-06-03,204,189.7423051994474,191.6708,29076.7,27002.13213803079,31254.8
2023-06-04,173,186.50857302874613,192.61774,25026.3,26943.993547182938,31356.16
2023-06-05,201,193.56643964577756,192.5428,28086.1,27445.71559901813,31533.014
2023-06-06,185,190.27846768840078,191.9275,25474.2,26815.97331944537,31271.314
2023-06-07,203,198.24917115058602,192.32668,26770.2,28161.82357464301,31624.107
2023-06-08,223,197.20224502724386,191.11934,29637.3,26883.669510811607,31294.035
2023-06-09,201,200.31481064574183,192.7227,27356.0,27474.477448599795,30713.682
2023-06-10,176,193.41334679582812,191.69437,25193.7,27007.099197492586,31188.785
2023-06-11,192,187.21777283955177,192.64523,25539.8,25467.018739726103,31301.395
2023-06-12,211,196.3857350147686,192.50246,29449.3,27564.968941138915,31488.227
2023-06-13,209,197.82893222558005,191.9416,27706.4,25879.211384019654,31221.256
2023-06-14,178,190.60702477960083,192.39554,23331.7,24972.23069402903,31700.871
2023-06-15,200,200.2497461278922,191.09137,27159.8,27449.44747635197,31358.525
2023-06-16,202,196.92111189718088,192.74458,27299.9,27068.961042231836,30773.777
2023-06-17,188,189.43305776250952,191.67569,26338.3,25739.080265705743,31276.55
2023-06-18,185,192.72832617149092,192.66315,26494.3,27130.14469932292,31368.965
2023-06-19,200,189.61188624458893,192.55067,27667.9,26308.96145232642,31542.986
2023-06-20,204,196.55646426264016,191.96223,28312.6,25120.497421820026,31290.291
2023-06-21,182,197.86786471213486,192.41896,23723.6,26598.37391379839,31730.527
2023-06-22,180,187.6407044700148,191.09882,23187.8,24870.14222887617,31380.5
2023-06-23,187,198.58435573524704,192.74847,25105.0,26960.23867627465,30793.85
2023-06-24,207,191.32322940817872,191.63937,27194.6,24886.71534778604,31305.742
2023-06-25,192,190.30883300724372,192.6778,24212.3,24616.11952991564,31395.787
2023-06-26,206,192.45884847475227,192.57353,27199.1,25534.04978283218,31574.82
2023-06-27,180,189.70385424563534,191.97702,23685.5,24633.820115922408,31320.78
2023-06-28,187,195.79306755462036,192.51505,24548.0,25931.35336916161,31820.947
2023-06-29,210,191.39767436307912,191.13399,27636.4,24427.743776542306,31454.973
2023-06-30,183,196.0926451420587,192.75581,23311.3,25463.801700900043,30868.715
2023-07-01,197,198.61073847392632,191.58968,25205.9,25657.460910504058,31400.525
2023-07-02,203,196.8040905482841,192.66162,25464.0,25566.035786438282,31476.047
2023-07-03,189,189.86941576572218,192.62752,24739.4,24788.806081033676,31647.955
2023-07-04,187,192.59867821481674,191.97658,23770.4,24480.10253393728,31402.184
2023-07-05,191,189.65776866586558,192.55751,25670.7,23550.286406437048,31828.389
2023-07-06,181,187.708348836954,191.18219,22219.5,23422.778855261655,31455.986
2023-07-07,202,192.05094700506115,192.70415,26610.2,23704.442574383,30864.379
2023-07-08,206,188.6471909206574,191.60838,26262.1,24256.51411141321,31415.602
2023-07-09,192,194.94470630035656,192.62822,24048.3,24594.100625581395,31485.566
2023-07-10,200,201.2760830833036,192.64424,24380.1,25001.717180489995,31640.836
2023-07-11,162,198.7726771522058,191.91866,19427.2,24957.39502230662,31393.879
2023-07-12,196,192.27856510621376,192.53145,23972.8,23568.370608032685,31775.861
2023-07-13,187,194.91512394097555,191.21242,24840.4,23364.109059243314,31422.04
2023-07-14,194,197.29256694352625,192.66847,22419.2,24767.11501235334,30835.193
2023-07-15,153,187.30829855932737,191.66437,19272.6,23295.82133050569,31369.377
2023-07-16,190,183.9551344617303,192.55606,22592.4,22744.031410428866,31446.781
2023-07-17,232,192.0911408522869,192.6107,28224.1,23477.72212328772,31593.887
2023-07-18,191,191.60328653940448,191.89157,23129.4,23520.983048886057,31345.54
2023-07-19,181,194.3586646880377,192.44427,21835.3,24023.655402933266,31686.219
2023-07-20,189,193.92463021347658,191.20749,23041.2,22870.720622509314,31362.842
2023-07-21,188,190.4878513495954,192.669,20927.6,22584.378944355456,30787.467
2023-07-22,202,189.3272451663547,191.72647,25292.1,22564.735097013872,31278.24
2023-07-23,217,187.23630723116182,192.50667,25108.5,22657.45016017931,31374.51
2023-07-24,189,189.10553262610264,192.54398,21909.9,22899.562093873734,31527.203
2023-07-25,203,194.55202174661017,191.90355,24031.5,22885.160179564235,31276.764
2023-07-26,176,187.06511782119057,192.46442,20962.4,22396.82118775489,31619.207
2023-07-27,190,188.98557231481666,191.27551,23011.5,22399.131625413185,31304.672
2023-07-28,170,188.84664776365173,192.55646,19917.6,22268.28316039089,30736.564
2023-07-29,198,185.52092834171066,191.70853,23219.0,22328.99593141063,31233.672
2023-07-30,206,196.3443544382578,192.49817,24701.4,23801.3454524442,31344.271
2023-07-31,175,188.13642966476513,192.51962,19332.7,22004.75571519987,31475.412
2023-08-01,195,192.09728079815784,191.84753,21990.8,22081.886608737856,31232.486
2023-08-02,209,197.16876042805734,192.4738,25177.0,23315.607706435087,31627.21
2023-08-03,200,204.5497322311642,191.28207,22970.5,24054.339082872542,31319.047
2023-08-04,178,191.9444709951127,192.56912,20594.6,22039.509768221924,30753.041
2023-08-05,215,198.56852204131442,191.7192,26565.7,23135.39435734062,31245.3
2023-08-06,172,199.6088186028985,192.46074,20856.8,22872.08072117102,31354.117
2023-08-07,190,193.20767746740214,192.52434,22457.1,23000.603863396766,31484.787
2023-08-08,188,187.90039339343997,191.86098,22948.2,21801.384877355904,31242.28
2023-08-09,200,195.83100209921597,192.37987,23006.1,22823.73492331684,31536.195
2023-08-10,186,196.34541638774186,191.24808,23116.5,22654.952238831844,31236.213
2023-08-11,167,193.46764410026898,192.57445,19365.4,21734.720333771143,30671.062
2023-08-12,180,187.47957534714425,191.76341,20544.3,22876.59498477875,31148.182
2023-08-13,204,186.06722559431185,192.48616,22166.3,21477.5885076227,31270.166
2023-08-14,205,189.63975289888413,192.47849,23952.0,21885.442783802075,31409.707
2023-08-15,208,196.09198515478678,191.86731,24051.9,23157.965435352595,31158.094
2023-08-16,198,200.4782735591986,192.40063,22867.9,23194.675517058393,31560.27
2023-08-17,182,196.92254013096428,191.25916,21256.8,23126.985902382967,31250.225
2023-08-18,179,192.56111438460746,192.57681,20109.9,21746.226286271318,30689.441
2023-08-19,202,197.149526893828,191.71736,23553.7,22814.38909094592,31171.281
2023-08-20,179,191.09864151516265,192.5043,20272.4,21850.265984628924,31289.738
2023-08-21,186,192.70107044895465,192.49568,20526.1,21953.45074318871,31436.422
2023-08-22,220,199.1250947239437,191.88365,24993.8,23645.817998703962,31186.768
2023-08-23,193,195.5281527063753,192.4016,21463.2,22003.703967271107,31568.408
2023-08-24,173,189.145057709218,191.24448,18142.6,20994.090500728224,31255.371
2023-08-25,197,190.1305657765841,192.5775,22869.6,21771.92025606883,30687.938
2023-08-26,162,187.17539685565427,191.71242,18500.9,20979.487411799204,31179.107
2023-08-27,201,191.7018843465879,192.51239,23283.9,21923.87537912188,31296.021
2023-08-28,225,190.79932728698108,192.5011,25401.2,21961.20398808821,31443.285
2023-08-29,206,190.12610626373217,191.88899,23233.6,22010.856442044234,31190.906
2023-08-30,146,189.46178556508377,192.54955,16110.6,21481.188598359444,31699.863
2023-08-31,196,189.2946577975531,191.28827,22370.8,21836.44874892399,31373.09
2023-09-01,192,190.14469143802174,192.57764,22109.5,21611.53474611984,30797.922
2023-09-02,190,193.1759166874124,191.63495,23125.1,22254.35960080902,31326.803
2023-09-03,207,197.47455223443652,192.49286,24192.2,22718.650779337117,31424.258
2023-09-04,187,192.5903021361062,192.59628,21090.8,22604.629811038812,31557.695
2023-09-05,188,192.39826561958938,191.89096,20640.7,21676.051716485457,31312.66
2023-09-06,178,189.5543608805913,192.72227,19768.5,21958.322002377332,31853.26
2023-09-07,193,192.64117742017382,191.33704,21275.7,21428.980592192456,31501.541
2023-09-08,158,183.75295563816783,192.57802,17402.6,19738.40371843816,30917.91
2023-09-09,164,178.88945186730217,191.5714,17084.1,20486.535053115877,31491.664
2023-09-10,189,188.08321805732848,192.47795,22023.7,21381.306514672884,31559.686
2023-09-11,177,188.14959298900442,192.70056,20335.8,21424.081234095636,31670.027
2023-09-12,199,187.3488705750113,191.84918,22820.4,21605.29102232214,31435.979
2023-09-13,196,186.74049325540855,192.83269,21383.8,21835.729783603263,31947.969
2023-09-14,202,196.41524452333854,191.37672,22995.6,22923.491113880526,31583.72
2023-09-15,199,192.7482317079089,192.57954,23027.4,22445.65397451265,31002.375
2023-09-16,193,197.460574777809,191.51015,21312.5,22934.819664522187,31592.73
2023-09-17,202,192.35068408374516,192.48149,23205.9,22190.592403556344,31649.291
2023-09-18,183,202.9140412109473,192.75423,21150.4,23266.536456197427,31746.484
2023-09-19,196,195.0389684433845,191.83115,23146.5,22079.83814738403,31525.55
2023-09-20,195,193.22459975547315,192.66995,22956.8,21899.562239669074,31793.654
2023-09-21,187,194.47165601092078,191.33914,21102.1,22556.25965747673,31461.197
2023-09-22,212,191.54715619189147,192.57013,25327.3,21842.361983911804,30894.434
2023-09-23,192,196.06745532794278,191.63641,20428.9,22749.352089893615,31427.535
2023-09-24,188,188.07864541300398,192.43265,22074.2,21301.135102129923,31505.209
2023-09-25,170,188.3311224755759,192.62517,18728.0,21080.26293928739,31609.582
2023-09-26,204,187.53943302759868,191.82664,23624.6,21279.95904225992,31387.088
2023-09-27,178,187.46288651246326,192.73526,20712.1,21714.784196819415,31861.268
2023-09-28,191,192.0573503402834,191.34933,22068.1,21905.666189619504,31512.549
2023-09-29,190,192.08267969417986,192.59093,21260.8,21770.201274272044,30941.248
2023-09-30,184,189.38599020490554,191.5789,18716.3,21575.807826489345,31497.32
2023-10-01,176,192.5324753927156,192.46628,19306.8,22561.446918727288,31565.213
2023-10-02,196,187.41076151929929,192.68213,23262.8,21483.67039626011,31670.668
2023-10-03,206,191.00193844110885,191.8355,23140.0,22975.310174638616,31448.135
2023-10-04,190,202.54150668234115,192.88904,23365.1,23633.097215370988,31930.143
2023-10-05,183,198.53946693955385,191.4409,21359.8,23165.88370641457,31578.102
2023-10-06,202,195.37855007529046,192.5311,25011.5,22621.498732538625,31017.342
2023-10-07,198,190.65301386487852,191.46854,23113.6,22652.215886482994,31597.975
2023-10-08,191,192.2268777743818,192.4387,23519.1,22824.15362761478,31658.26
2023-10-09,183,196.1696112462412,192.7521,21477.6,23092.806267441574,31739.367
2023-10-10,191,192.66590329185993,191.81067,23044.0,22763.048721309722,31534.545
2023-10-11,202,192.3387373570723,193.0813,23293.3,22132.2069519204,32085.078
2023-10-12,180,192.6906082775956,191.48737,20230.8,23199.81955609592,31716.236
2023-10-13,162,191.95842797390185,192.51038,18365.0,22922.81964199974,31130.05
2023-10-14,178,189.43698811013604,191.43419,20304.9,21548.873676465497,31776.166
2023-10-15,226,191.53024569649975,192.38109,26242.8,22689.47922047356,31810.283
2023-10-16,178,191.24111431892914,192.86559,20825.1,22929.55988542852,31852.58
2023-10-17,207,196.58789371133392,191.76192,24181.0,23495.77431722904,31653.945
2023-10-18,195,188.39873215088733,193.0179,22737.6,22577.52365108347,32002.46
2023-10-19,194,189.59110580531512,191.48436,22564.3,23002.574039469982,31665.684
2023-10-20,204,194.39013130527007,192.4906,24946.3,23721.183570308833,31087.635
2023-10-21,214,199.1660159233754,191.50545,26331.2,24301.405490677706,31699.428
2023-10-22,197,197.18389039893145,192.30019,23730.3,24549.152887993132,31747.453
2023-10-23,205,192.6689093957097,192.79657,24157.6,23972.71739723952,31784.05
2023-10-24,180,187.85550769470828,191.75552,21557.9,23543.583551413616,31586.818
2023-10-25,191,189.88244433714326,192.91232,21828.6,22898.964223349773,31893.045
2023-10-26,168,186.33981296898432,191.4612,20816.9,22910.23918826102,31558.363
2023-10-27,163,186.21555836948073,192.44766,19724.7,22872.244837651582,30975.547
2023-10-28,189,189.43277656442123,191.58368,23117.8,23157.612965024782,31582.78
2023-10-29,192,187.81328699755548,192.3076,23997.7,23595.65717432326,31641.268
2023-10-30,186,188.1820834662971,192.72704,23166.1,23675.416925506837,31680.309
2023-10-31,194,189.0808658259715,191.72162,22837.1,23416.157043784064,31471.932
2023-11-01,220,191.88384584580118,193.06108,26998.3,24172.13843794897,32087.676
2023-11-02,186,190.67544219345854,191.44293,23230.3,23826.37340553052,31736.87
2023-11-03,204,199.27128356515635,192.55804,27722.3,25407.423398669995,31161.344
2023-11-04,219,199.60487475976984,191.39545,27741.6,24886.5082218996,31780.566
2023-11-05,206,194.7107768612578,192.39244,24747.5,24741.94785791449,31820.55
2023-11-06,166,192.2214038320608,192.84377,21053.2,24796.947319409865,31876.527
2023-11-07,190,193.8272771119833,191.82822,23347.1,23901.284778619764,31685.611
2023-11-08,227,199.5505508330164,192.99432,29133.2,26304.85185460807,32049.686
2023-11-09,182,187.1162624277898,191.39905,24159.7,24387.49649952738,31700.338
2023-11-10,189,192.0054538529831,192.5811,24900.2,25181.780619950223,31122.43
2023-11-11,186,192.05652632831402,191.46057,24786.6,25011.143758642105,31734.79
2023-11-12,191,186.3662416356651,192.38893,23972.2,24156.420658291274,31772.348
2023-11-13,200,192.47578450916205,192.81122,27274.7,25670.906184978543,31835.521
2023-11-14,187,192.94642242882009,191.8399,23484.9,25881.257546520315,31639.494
2023-11-15,188,191.67094351056846,192.95425,24786.4,25645.8139903383,32027.986
2023-11-16,178,185.48250866621282,191.38191,23890.8,23649.92852859807,31672.934
2023-11-17,177,188.62864407004182,192.58928,23197.0,24663.00721796379,31091.785
2023-11-18,176,188.4419005746896,191.49309,23161.4,23782.437345143724,31705.908
2023-11-19,204,198.1486502420309,192.39453,26735.3,26431.059367317983,31740.973
2023-11-20,182,189.65995953054687,192.79774,24155.0,24918.385317656193,31812.236
2023-11-21,210,196.93645332817056,191.84059,27456.4,25846.864774756654,31608.658
2023-11-22,218,194.029874404502,192.85469,29065.6,26253.46919341618,31913.38
2023-11-23,181,196.7587533135401,191.37025,24774.6,25309.82248169498,31576.262
2023-11-24,174,191.30556092362517,192.56047,22927.6,26126.479623619645,31003.496
2023-11-25,187,191.32350902489316,191.53868,25603.9,25935.891049719507,31590.254
2023-11-26,208,193.05382363523952,192.36415,27345.5,26000.637433305557,31641.16
2023-11-27,213,196.97755117755096,192.72385,31186.6,27196.37122600263,31719.71
2023-11-28,205,195.37317632561124,191.83937,27814.9,26473.14846891121,31510.121
2023-11-29,180,192.07991726690486,192.97644,25364.3,26062.48846461671,32077.916
2023-11-30,190,194.39306248164053,191.36412,26344.8,27008.36737366992,31730.043
2023-12-01,208,191.87007520656,192.65625,28600.3,27241.888780051813,31164.885
2023-12-02,180,184.78021265945176,191.36855,26161.3,25813.362643559616,31755.205
2023-12-03,201,193.8711947840594,192.4316,27576.7,28630.357629337166,31792.887
2023-12-04,178,190.38290047345083,192.82445,25237.7,26835.488358030645,31891.91
2023-12-05,187,193.3948252610527,191.93375,26565.4,27842.94118343536,31693.324
2023-12-06,192,191.8389040014428,193.08531,28083.1,26551.85547667838,32205.672
2023-12-07,205,195.3699423591831,191.36215,28614.3,28285.061768575015,31851.398
2023-12-08,196,197.79129353917654,192.7311,28172.0,27958.61166861294,31302.098
2023-12-09,186,193.1524984580381,191.18738,25401.2,27691.02593447515,31884.748
2023-12-10,199,184.81453547139952,192.51279,28170.9,26656.179265682575,31917.656
2023-12-11,160,179.8255677160189,192.89378,22965.9,25495.23565706837,32032.312
2023-12-12,184,193.4902548187398,192.00883,26379.7,28296.715493789212,31851.387
2023-12-13,179,187.85388360868959,193.07353,25845.2,26849.58359894974,32194.842
2023-12-14,206,189.58723297691603,191.37419,30490.5,27427.16591339287,31830.693
2023-12-15,213,193.84888933479397,192.70673,31586.5,29028.742527653965,31268.094
2023-12-16,196,197.97364888770971,191.26843,27770.2,28041.587647321212,31871.717
2023-12-17,183,194.13881980496672,192.46663,25005.2,28050.289634228786,31894.58
2023-12-18,203,196.79336811862117,192.89252,28643.1,28632.676503864346,32002.58
2023-12-19,176,186.15308138795112,191.96877,26491.9,27120.026987491132,31810.174
2023-12-20,186,184.8151103996458,193.21669,26935.3,26946.953592839087,32366.883
2023-12-21,196,194.2280305736915,191.37476,28270.4,28176.93682237119,31996.805
2023-12-22,217,194.15880828702564,192.79303,32542.2,29401.748316466957,31444.213
2023-12-23,184,194.02014003381453,191.08922,27202.2,27988.726678880466,32047.775
2023-12-24,180,191.47575671380585,192.4836,26704.5,29527.884556858266,32052.918
2023-12-25,191,197.25974373501853,192.99167,27914.0,28868.368179606514,32174.873
2023-12-26,194,181.62476194891863,192.04715,27810.2,26438.76292306681,31996.643
2023-12-27,181,184.68263279685718,193.14433,27147.5,27096.938859344107,32302.385
2023-12-28,199,190.0466677840592,191.36058,31381.7,28007.455226206253,31927.39
2023-12-29,217,204.3011283976866,192.76903,31902.1,30635.375370550664,31365.12
2023-12-30,186,194.58318534285635,191.15628,28609.6,28819.35753517209,31976.463
2023-12-31,202,197.66396147477417,192.49225,30997.0,30008.153257427333,31984.162
2024-01-01,190,189.84971925765967,192.96347,29701.6,28947.404597991987,32110.797
2024-01-02,221,198.48524692731456,192.02397,33458.7,30703.618474486724,31917.885
2024-01-03,177,183.53385446449184,192.9926,28043.5,28175.555886623068,32166.518
2024-01-04,218,202.2752687487737,191.32602,33496.7,31555.484915383695,31813.854
2024-01-05,205,189.84914777481222,192.76268,30603.6,29639.27557749144,31254.781
2024-01-06,180,186.40537448772295,191.25758,26826.7,30025.41749161232,31829.418
2024-01-07,192,188.00576799353524,192.46275,28999.3,28892.839947378798,31856.166
2024-01-08,168,183.3638441123122,192.87244,26047.7,28295.043024495353,31997.389
2024-01-09,205,186.79300407952474,192.03137,31447.2,29621.713997191015,31790.379
2024-01-10,185,184.75497839826252,192.8974,27736.5,28424.737733284914,32062.43
2024-01-11,189,187.66805332325382,191.31577,30502.8,29298.43296293619,31713.217
2024-01-12,194,199.3472364610395,192.72176,30109.6,32777.95803787307,31154.416
2024-01-13,195,195.1242970989544,191.29626,31841.1,31781.030210694666,31720.764
2024-01-14,170,183.83446485174866,192.46841,26591.8,29036.801867024962,31760.334
2024-01-15,188,191.72318364066652,192.81651,29675.8,30264.779057678214,31910.059
2024-01-16,173,180.8587549311519,192.02107,26615.4,29407.920072641777,31692.033
2024-01-17,204,189.2616142883516,192.96434,31675.0,29687.280310638114,32122.984
2024-01-18,194,189.05424895502526,191.35028,30998.5,29759.97857640098,31767.5
2024-01-19,205,190.18534175286763,192.7187,32644.4,30393.865120368526,31203.973
2024-01-20,181,183.9727020704577,191.32994,29083.2,28180.95099457932,31787.568
2024-01-21,185,191.23303355323006,192.39317,30094.2,30307.32837180242,31812.018
2024-01-22,177,193.9551024301458,192.84523,29161.1,31580.484884832127,31947.83
2024-01-23,191,194.13795048595432,192.00725,31206.6,30185.322075374846,31733.648
2024-01-24,211,182.73881840592853,193.04811,33546.8,29560.50295783415,32188.227
2024-01-25,199,184.89847183511247,191.39142,32205.3,28993.378682570343,31821.594
2024-01-26,209,201.29962582875893,192.70561,33995.9,33089.26387964307,31252.547
2024-01-27,200,187.07797598553086,191.35493,33031.1,30329.198319916915,31859.863
2024-01-28,176,184.26579556999974,192.32474,28923.8,29840.40439480537,31866.33
2024-01-29,208,198.33567612080924,192.88036,34205.3,33460.71270199144,31982.979
2024-01-30,182,185.359356546622,191.969,30404.0,30614.452242601146,31773.527
2024-01-31,210,192.41938610772948,192.938,33739.6,31936.38488462582,32065.514
2024-02-01,185,198.3131650683538,191.39575,31112.3,32521.25502008876,31718.092
2024-02-02,205,199.64387500338952,192.66547,32860.8,32394.672132363212,31148.762
2024-02-03,210,191.0870878613953,191.49434,34908.8,31433.00959615671,31732.752
2024-02-04,184,178.54064588084276,192.24924,29555.1,29187.724711278217,31749.87
2024-02-05,185,196.06606586149908,192.8054,31874.8,32790.606669442685,31861.53
2024-02-06,188,182.01675442166305,191.91718,29587.9,29165.664084336106,31639.906
2024-02-07,210,198.83761560477365,192.9003,33310.1,33063.81261569326,32042.434
2024-02-08,193,192.02102753474907,191.37932,31635.0,31833.402392947297,31690.271
2024-02-09,197,188.74559359801754,192.65433,32482.8,31012.817191388545,31115.664
2024-02-10,199,180.83643354523542,191.52773,34497.0,29250.32882597719,31704.627
2024-02-11,195,202.9398435782644,192.26593,32902.5,33666.987724231694,31721.537
2024-02-12,190,192.65762543011036,192.78954,31263.5,31436.026790675678,31836.123
2024-02-13,176,190.66303253686334,191.91391,27896.2,31695.71881176161,31610.115
2024-02-14,210,194.19659488719236,192.89229,34613.9,31781.33076254477,32012.543
2024-02-15,215,192.92286251738457,191.39915,36659.7,31551.6455782637,31665.682
2024-02-16,191,197.08963087782666,192.62695,32341.2,32823.45682383438,31098.121
2024-02-17,179,193.5124983664332,191.52087,29655.9,31129.951107036646,31677.627
2024-02-18,187,191.0244646682065,192.27264,31232.6,32039.178102382106,31702.889
2024-02-19,187,192.10611465621574,192.77046,31651.1,31537.742705086435,31814.105
2024-02-20,190,197.65796503179445,191.8986,30878.0,32422.607465750974,31592.094
2024-02-21,181,182.92687819419274,192.84677,30195.5,29964.559764581496,31962.527
2024-02-22,203,189.61478958818077,191.40462,33539.0,29970.767218359266,31619.246
2024-02-23,194,190.93992333475904,192.60042,31641.2,31316.391220694444,31051.676
2024-02-24,197,188.54716492105734,191.56013,31931.6,30834.844995550375,31624.092
2024-02-25,196,190.5688306195707,192.25456,32379.4,31867.855878078033,31654.617
2024-02-26,224,196.1511761672088,192.74197,37160.6,32683.02762816133,31766.088
2024-02-27,191,201.26698821802916,191.87799,32009.0,33216.98153314183,31538.818
2024-02-28,176,201.58457595963628,192.83716,31267.6,34198.19987036017,31967.15
2024-02-29,179,186.71804929586906,191.40102,29939.1,30572.10964362397,31613.49
2024-03-01,226,202.99872379946217,192.59976,38370.4,34402.094238531274,31046.193
2024-03-02,166,185.30775810772428,191.54427,28721.2,30437.77819544138,31621.645
2024-03-03,213,197.72595496094934,192.28479,36402.2,34456.07664346694,31652.012
2024-03-04,172,183.95120428922434,192.74106,28961.0,30284.93894062235,31770.152
2024-03-05,188,195.86094219244353,191.88512,30181.0,32091.675154609322,31542.63
2024-03-06,220,194.4464876257761,192.88441,36493.8,32914.81838461816,32015.717
2024-03-07,207,193.54553191027117,191.41103,34440.0,31313.929203346048,31657.219
2024-03-08,184,186.46815165645967,192.60606,30660.3,30376.814578376085,31086.44
2024-03-09,194,193.10461962018988,191.51945,31951.7,32364.32681335463,31670.182
2024-03-10,189,196.4937361318288,192.26872,30794.1,32760.639735367058,31692.46
2024-03-11,179,186.38033330603602,192.77097,29220.4,29903.356400749613,31806.256
2024-03-12,186,193.45676803555378,191.87148,31418.2,32169.223422789626,31579.629
2024-03-13,208,189.00070440352476,192.8965,34008.7,31494.207668637446,32005.023
2024-03-14,183,198.12376878435973,191.4393,32318.4,31828.33317704851,31650.924
2024-03-15,198,191.63559980666034,192.5678,33669.9,31480.796975111112,31078.418
2024-03-16,193,192.1718450766901,191.52258,32829.0,31880.165395611,31665.982
2024-03-17,197,194.84409925891978,192.23726,33342.7,32820.96683958105,31690.668
2024-03-18,186,184.5063268138426,192.76933,31118.7,29972.239125586162,31797.623
2024-03-19,171,201.27040584246828,191.84924,28438.3,34083.89268620136,31569.354
2024-03-20,209,191.3343166782415,192.86447,35083.9,32131.003544628333,31956.527
2024-03-21,186,187.94071811129044,191.45354,31498.9,30805.19425182381,31593.188
2024-03-22,191,196.31452579907827,192.51714,31914.4,32616.19695701575,31005.02
2024-03-23,186,192.548783107788,191.62431,28655.6,32386.02612294696,31614.545
2024-03-24,220,201.0717173006324,192.21481,35960.0,33829.42052342194,31636.09
2024-03-25,181,185.39201690589272,192.75177,29110.6,30197.054821440397,31728.066
2024-03-26,188,185.9353742303526,191.77135,30432.6,30015.591924491233,31487.424
2024-03-27,190,182.3273270668003,192.83244,30502.1,30058.963211673934,31911.14
2024-03-28,177,181.82878102957963,191.46596,29357.0,29232.74934145869,31549.496
2024-03-29,198,193.07816709753385,192.48709,32594.7,32210.117491877812,30955.7
2024-03-30,200,193.71950504642032,191.69075,32412.0,31855.216274585993,31567.578
2024-03-31,193,192.77317929086078,192.18387,31541.8,31869.945925098837,31590.611
2024-04-01,199,192.33978148421576,192.73026,33766.3,32255.200510106784,31675.19
2024-04-02,204,187.5190934006162,191.72432,32117.2,30724.258835959772,31426.451
2024-04-03,203,203.3671694687335,192.76825,33363.0,33254.087530369696,31836.568
2024-04-04,203,189.1102857849166,191.47108,34538.3,31645.381041169396,31484.207
2024-04-05,200,185.29043737623337,192.46323,31986.8,30113.144183632205,30890.404
2024-04-06,200,193.56216488283417,191.77223,31806.4,31262.336515198484,31490.518
2024-04-07,209,186.4724588886223,192.1535,33110.7,30463.54391080743,31521.475
2024-04-08,205,196.4583921682842,192.68546,33102.2,31513.091509295384,31602.9
2024-04-09,196,186.56789472951704,191.69402,31212.4,30250.87862790602,31347.385
2024-04-10,189,189.0607951058328,192.71715,30789.6,30459.096319363223,31772.295
2024-04-11,182,191.98152494369245,191.4784,29200.5,30872.999640892223,31418.74
2024-04-12,199,200.62095208291572,192.42355,31512.3,33936.10304760287,30822.428
2024-04-13,217,190.11400771119682,191.83412,33643.6,31444.35089923705,31424.412
2024-04-14,218,199.08679933001304,192.15147,35826.5,32113.922020828184,31460.357
2024-04-15,198,197.2965024009892,192.6501,31432.8,32221.186716542674,31537.861
2024-04-16,207,194.31729400592704,191.65993,33688.1,31627.505288165783,31276.678
2024-04-17,196,189.92783426841288,192.66614,32060.1,30411.00863776529,31664.021
2024-04-18,166,183.0737186681695,191.50703,25722.5,28889.12940994431,31330.906
2024-04-19,212,195.2550094864566,192.34947,35059.8,31118.972577445817,30744.691
2024-04-20,192,192.73616840228453,191.87073,30980.5,30722.30930703823,31327.383
2024-04-21,203,189.19017404446575,192.11401,31417.6,30259.778380294556,31380.885
2024-04-22,192,186.86895756802585,192.58664,30091.3,30712.82959257658,31447.123
2024-04-23,177,189.15787046710895,191.62427,28096.7,30670.903461902766,31188.469
2024-04-24,187,193.88179127677935,192.7595,28805.0,29983.22963269729,31757.654
2024-04-25,203,190.86858117949575,191.46881,31132.8,30637.551992795583,31412.252
2024-04-26,167,187.3498043976537,192.35109,27145.7,28633.08813486949,30814.826
2024-04-27,188,190.90376572147764,191.87596,29346.5,29347.970741179055,31438.643
2024-04-28,189,196.35866997443898,192.11894,30392.8,30719.387775021187,31466.383
2024-04-29,218,196.55444283929472,192.63506,33774.2,31286.710585764995,31503.133
2024-04-30,191,191.7814074715521,191.62804,30282.8,30212.533364833944,31266.44
2024-05-01,189,197.0537950802703,192.8815,29674.1,31232.866066841674,31898.543
2024-05-02,184,190.72590500037197,191.44952,27751.3,29626.012912900693,31539.982
2024-05-03,191,197.32540141278696,192.40723,28051.0,30651.320983418653,30938.363
2024-05-04,223,195.5848567822922,191.74388,34974.5,29622.637312774164,31582.17
2024-05-05,175,190.09624120347806,192.17215,26485.2,29419.10392451254,31596.684
2024-05-06,195,184.94607133455125,192.71808,29400.8,28262.592011450295,31631.719
2024-05-07,189,188.2758252717237,191.66447,28855.9,29213.177686231254,31407.598
2024-05-08,211,191.92017091637481,192.82657,32255.4,29304.59310418769,31816.818
2024-05-09,206,191.2905649883179,191.46681,31211.3,28016.849326219737,31478.643
2024-05-10,213,198.66924927394112,192.37231,33085.2,30379.514793168903,30883.64
2024-05-11,203,194.1800541004096,191.7746,30319.9,29387.296290231498,31505.902
2024-05-12,205,192.35632433197188,192.14017,30464.0,28806.826638123788,31537.252
2024-05-13,154,191.4943249581324,192.67389,22992.1,28995.730641439597,31571.963
2024-05-14,194,187.84427528384103,191.65475,29027.4,27696.089262605474,31344.146
2024-05-15,209,191.07069833688206,192.7547,31828.2,28489.009790469612,31787.232
2024-05-16,194,187.38855062053744,191.41254,28805.7,27326.410718299125,31450.25
2024-05-17,205,191.80355932020348,192.41045,31127.6,28297.47690147338,30852.207
2024-05-18,190,193.20282252579904,191.76118,26753.3,27238.670959694744,31462.236
2024-05-19,213,199.44445516457745,192.20583,33372.5,29715.130112150808,31504.705
2024-05-20,204,195.0215632519958,192.65201,30375.1,28526.5302645427,31560.617
2024-05-21,192,191.49359775372795,191.69843,28454.2,27615.044954436176,31324.31
2024-05-22,183,190.4229078152137,192.7035,26680.0,27643.876696244843,31753.045
2024-05-23,214,196.95931551508556,191.40202,31400.6,28612.05537296416,31412.244
2024-05-24,225,190.52430198594604,192.40942,32771.1,27268.517192801984,30803.68
2024-05-25,202,190.3681661166436,191.80644,30127.7,28230.90660613574,31419.158
2024-05-26,187,195.30222976268817,192.20448,26732.0,28433.13917873941,31464.441
2024-05-27,180,186.5923583653009,192.64093,26515.0,26874.370389387877,31527.756
2024-05-28,188,193.07956537958634,191.68619,27567.8,27655.232878963147,31275.838
2024-05-29,196,186.59432877617013,192.68117,28148.8,27267.58864012187,31744.488
2024-05-30,161,188.42783045682583,191.39706,23410.1,26781.03845228009,31407.686
2024-05-31,185,189.1538304263184,192.43823,26095.7,28068.321202818785,30798.473
2024-06-01,180,190.92130124399966,191.80797,25827.0,27585.38583102178,31404.838
2024-06-02,196,185.29882829605936,192.19736,27978.8,26832.350564120938,31454.709
2024-06-03,206,196.69956025609525,192.6415,28537.6,27941.008157609725,31528.512
2024-06-04,212,189.3455698802614,191.7006,30174.9,26779.73383110428,31267.89
2024-06-05,175,187.3729636782726,192.68564,24135.4,26721.225219249194,31725.678
2024-06-06,165,182.27019877035275,191.42165,23899.0,25065.13090123238,31393.78
2024-06-07,201,189.96821472600467,192.42612,27820.4,26463.991325145376,30795.623
2024-06-08,178,188.32049607775437,191.7568,25184.9,26952.239465538678,31389.982
2024-06-09,190,195.3206166585022,192.20479,25859.5,26552.2209331089,31448.19
2024-06-10,189,191.99586968126388,192.63756,26222.6,26756.944938888217,31526.855
2024-06-11,188,188.52859885339066,191.70364,27195.8,25905.74826858515,31268.203
2024-06-12,195,194.88251984287137,192.59946,26126.9,25900.888458165693,31668.154
2024-06-13,180,190.34901050904992,191.38521,24478.6,25744.349023463634,31330.857
2024-06-14,177,187.30395567038417,192.43213,24024.2,25323.686976852823,30720.885
2024-06-15,199,195.08371361032377,191.81013,27164.9,26546.643010956457,31318.39
2024-06-16,185,189.6865836076363,192.23811,24556.8,25129.196871066866,31381.7
2024-06-17,203,192.675520839642,192.61179,26972.7,25499.736267306227,31473.244
2024-06-18,172,187.14004991237013,191.69623,22537.6,24735.82215352712,31196.367
2024-06-19,186,186.70155095622562,192.46277,24573.3,25046.52567428762,31533.574
2024-06-20,199,187.44319445967008,191.37086,26139.9,24554.53181379149,31227.873
2024-06-21,200,198.03104160795664,192.42711,25286.8,24639.98561811464,30622.828
2024-06-22,204,192.78346784662722,191.9306,27331.6,25209.787194800596,31176.895
2024-06-23,182,194.7364739385604,192.15944,24415.2,24659.646951078168,31259.45
2024-06-24,196,193.69647763737842,192.52338,24806.3,25094.317793162496,31359.223
2024-06-25,209,187.61808686610794,191.68932,27177.7,24580.33347655955,31067.977
2024-06-26,166,189.63393856181094,192.40952,21379.1,24537.464790792816,31504.96
2024-06-27,176,180.03693135360987,191.32567,21999.9,22836.349581982624,31195.55
2024-06-28,191,190.6802133266132,192.43086,24728.4,23785.232879791954,30580.307
2024-06-29,196,188.4519164648274,191.97993,26623.5,23988.202268213685,31143.957
2024-06-30,191,186.64108841985498,192.17668,23983.1,23511.327692475475,31223.178
2024-07-01,189,202.51214336225374,192.50917,25830.1,26527.148223357322,31326.396
2024-07-02,176,189.92872584363587,191.69624,23135.1,24068.739695863198,31028.123
2024-07-03,225,200.2660726963926,192.26193,28101.0,27106.561987382633,31343.139
2024-07-04,189,201.21398228547136,191.32042,23733.8,26268.197246406915,31055.496
2024-07-05,189,193.20289736620646,192.3787,23960.0,24343.363976606008,30433.818
2024-07-06,203,195.333343577266,192.10316,25680.1,25116.087296530615,30977.146
2024-07-07,171,190.16067175255588,192.12111,21595.7,23754.134153445022,31078.033
2024-07-08,196,192.97077221971165,192.42448,24077.4,24816.562676850306,31185.775
2024-07-09,186,195.58179943883357,191.6588,22533.8,23758.230959154695,30863.908
2024-07-10,188,193.8543313465864,192.2206,24570.5,23996.816383353562,31305.406
2024-07-11,186,191.60023433038495,191.29819,23372.5,23304.8823784923,31017.402
2024-07-12,229,193.06647618515433,192.38327,27577.8,24926.809512766653,30396.48
2024-07-13,182,192.06700165950392,192.09573,22814.4,23364.392293678957,30933.309
2024-07-14,189,194.975963936485,192.18025,23587.7,23557.45312560012,31044.014
2024-07-15,186,199.9258950376864,192.40054,23248.5,25275.11544612036,31158.664
2024-07-16,187,195.95629674468393,191.66032,22052.0,24384.61965173669,30834.15
2024-07-17,168,187.4826495976577,192.07626,20402.2,22584.67367635754,31185.957
2024-07-18,172,192.01005726360268,191.25844,20642.8,22936.40507223718,30906.053
2024-07-19,165,180.2381009331819,192.3594,19437.5,22597.251898744315,30274.346
2024-07-20,174,192.3913619709348,192.2,21296.9,24142.350296908913,30799.512
2024-07-21,197,189.40370907522018,192.168,24181.3,22986.442764043408,30924.5
2024-07-22,193,190.63475571133645,192.3245,22797.2,23844.793459756456,31052.252
2024-07-23,181,193.34950275279215,191.654,21115.9,22454.479023237436,30706.701
2024-07-24,201,194.02599647065335,191.98296,23365.0,23821.60931572209,31090.844
2024-07-25,180,186.90907357370023,191.24632,22440.4,22025.077699020716,30814.014
2024-07-26,178,196.31511368158968,192.32121,20827.0,22746.020983638984,30182.484
2024-07-27,203,190.09937029928247,192.2419,24816.1,22017.759533836404,30695.71
2024-07-28,192,197.54644975811593,192.17775,23295.7,23808.690322858598,30833.611
2024-07-29,177,188.7353546787341,192.26411,19340.8,22352.966906317382,30968.627
2024-07-30,209,197.03604586329723,191.63564,23734.5,22876.36216488742,30614.018
2024-07-31,192,190.38344783796128,191.87553,21657.5,22110.33980614328,31017.627
2024-08-01,175,196.68115581102984,191.20107,20585.3,21735.79228535931,30745.857
2024-08-02,194,190.65795124127928,192.31903,22519.1,22007.072630970946,30109.117
2024-08-03,194,188.71749924168284,192.27693,22648.9,22206.113889616932,30607.299
2024-08-04,190,196.5157108180127,192.20168,21548.5,23165.40159098117,30757.572
2024-08-05,203,194.92564572337616,192.20903,22718.6,22198.16455145235,30910.914
2024-08-06,188,190.1156987424465,191.65298,21817.1,21961.039100912043,30542.996
2024-08-07,208,192.3717494116176,191.90161,24320.3,22417.499633396365,31065.57
2024-08-08,164,195.12680240864617,191.18289,20464.9,22907.48193338594,30796.066
2024-08-09,210,191.40347988071917,192.36476,24010.4,22153.09154099214,30169.914
2024-08-10,205,199.242285492812,192.18782,23504.4,22349.748305883935,30649.857
2024-08-11,197,201.88774853295573,192.23645,21492.3,22669.63828904089,30801.273
2024-08-12,188,200.81752282691232,192.21944,22087.4,22897.575242113286,30968.262
2024-08-13,221,193.358440262036,191.69698,24919.3,22850.343277594067,30608.754
2024-08-14,199,188.59632286240793,191.75137,22633.9,22606.27088472,30925.0
2024-08-15,194,187.95695402166209,191.13261,22662.9,21523.558578096272,30661.814
2024-08-16,186,190.47944952208684,192.33122,21224.4,22053.35363919585,30028.5
2024-08-17,209,189.07977481945724,192.3132,23198.8,21050.871878158137,30494.332
2024-08-18,199,188.4746153835342,192.2596,22832.8,21222.53725038273,30661.17
2024-08-19,195,198.52311536174886,192.12296,23306.6,23593.540192419012,30828.764
2024-08-20,205,199.2242775447775,191.65434,24069.7,23112.481270347267,30457.469
2024-08-21,194,190.95815624120988,191.65002,22347.2,21382.427397661362,30832.7
2024-08-22,193,190.92845890042236,191.11165,22010.7,21505.597371497992,30573.809
2024-08-23,212,198.44541765480662,192.30077,23027.6,22384.503055548164,29933.389
2024-08-24,177,195.23138886040454,192.39293,20183.7,22102.636805738643,30391.01
2024-08-25,157,192.2085673996276,192.25696,17382.7,21251.128341312495,30569.168
2024-08-26,182,184.9265558999074,192.06198,20315.9,21246.14012100065,30741.443
2024-08-27,175,190.3790188760756,191.62917,20669.4,21836.289627318863,30356.91
2024-08-28,186,189.81443309318567,191.53583,21120.0,21449.640525999304,30725.818
2024-08-29,198,193.62785029629043,191.08983,22158.2,22046.712647298442,30466.947
2024-08-30,186,194.9026854181518,192.25323,20759.3,22267.94510820186,29814.693
2024-08-31,173,190.97760988897608,192.51595,19777.8,21174.28341535173,30272.738
2024-09-01,199,189.8185289787484,192.23979,22152.4,21344.02867092225,30457.371
2024-09-02,177,190.30205953995798,191.99481,20040.9,21624.681733349797,30628.443
2024-09-03,196,192.47071671774273,191.58092,21103.7,22049.028207633015,30228.309
2024-09-04,198,193.1568289232154,191.38535,21572.4,21768.45503731415,30555.84
2024-09-05,182,192.47418702270758,191.07208,20004.3,21825.244699215666,30352.648
2024-09-06,203,195.79829395760734,192.23622,23356.3,21963.50732267545,29709.45
2024-09-07,189,192.61023943358376,192.64975,22125.5,21488.456456477128,30111.387
2024-09-08,187,192.12512945029326,192.14108,21576.4,21687.12263190664,30318.297
2024-09-09,191,191.1043245895061,191.91118,21622.5,21740.153235058344,30482.123
2024-09-10,186,193.96691604005474,191.59103,22228.9,22394.168328013973,30077.156
2024-09-11,174,193.57811571170754,191.31534,19875.2,22012.064087635372,30489.834
2024-09-12,188,193.51216383314394,191.04857,20896.7,21642.072952010178,30304.512
2024-09-13,187,195.22252021921182,192.23172,21245.8,22860.854384419312,29648.66
2024-09-14,190,189.5765131474752,192.67595,20446.2,21155.122363246264,30056.57
2024-09-15,192,195.79017068881646,192.21239,21670.4,22554.406893363008,30268.111
2024-09-16,190,190.34704989655842,191.95082,21986.7,21609.32828981627,30420.17
2024-09-17,197,199.75771713789143,191.62657,22480.2,22368.045993716554,30011.752
2024-09-18,201,193.57919392691886,191.24371,22824.2,21967.738118246252,30414.94
2024-09-19,215,204.41630447255523,191.0261,24693.1,23933.33893400885,30251.646
2024-09-20,198,203.43110954807847,192.22148,22120.7,24296.019450931428,29583.691
2024-09-21,170,195.8142880690318,192.7651,19570.2,22540.50649741852,29991.734
2024-09-22,203,189.67559525937725,192.18677,23083.4,21436.2504236819,30204.355
2024-09-23,173,197.39838618638595,191.9548,19658.0,22131.60008181533,30342.47
2024-09-24,207,197.3290569063775,191.62946,24091.3,22923.96801242458,29926.203
2024-09-25,182,190.5170364291467,190.95564,20780.3,21269.114714642248,30150.117
2024-09-26,205,192.62620251655642,191.00536,21973.2,22125.000187965532,30051.834
2024-09-27,193,193.92059695304692,192.21443,21907.0,22021.173677820385,29407.299
2024-09-28,170,185.32749544508164,193.08919,19352.5,21266.806647321682,29790.195
2024-09-29,192,189.31046389952058,192.24837,21361.0,21909.749942595063,29965.242
2024-09-30,196,192.2951037991586,192.0246,23259.2,22220.707402669545,30071.66
2024-10-01,186,201.16052156903876,191.7372,21948.8,23966.370270740787,29671.979
2024-10-02,192,190.06026172456512,190.88112,22643.2,21472.614787198152,30030.95
2024-10-03,190,197.64531235056324,191.04774,22829.3,23382.892214349813,29953.596
2024-10-04,200,196.16380245793007,192.14108,22862.8,23258.647687511795,29305.12
2024-10-05,185,197.26011971339742,193.27797,21130.1,22534.22555682167,29728.361
2024-10-06,196,192.6197331251994,192.23239,23593.8,22314.969640077175,29866.36
2024-10-07,199,193.81207697058332,192.138,23407.8,22095.687012459603,29932.256
2024-10-08,202,198.57276183779663,191.73442,22792.0,23362.835922947834,29531.969
2024-10-09,196,186.17133580247497,190.74767,21980.9,22674.55399461906,29867.783
2024-10-10,185,184.71241678961786,191.07932,20462.3,21516.79318283941,29819.266
2024-10-11,203,195.04775590088542,192.09294,24410.4,22146.504224353415,29193.518
2024-10-12,182,194.08878924808522,193.50594,22237.7,22602.102267795286,29629.855
2024-10-13,174,185.80405038035278,192.21841,20484.3,21927.400671135,29720.264
2024-10-14,200,194.0509823108162,192.23123,22949.8,22976.867161635226,29760.219
2024-10-15,167,189.18643120753373,191.76872,20686.5,22033.761540565258,29367.893
2024-10-16,189,192.80584702868714,190.72453,22465.2,22912.76950469669,29857.436
2024-10-17,178,190.52050279266646,191.07599,20934.0,22596.352262411972,29808.926
2024-10-18,220,198.4427588192509,192.1178,26891.7,24472.228352183003,29190.828
2024-10-19,186,191.33253987959873,193.54321,22490.4,23814.091532157334,29619.965
2024-10-20,220,198.2341881925929,192.25577,26247.1,24289.233380685775,29704.559
2024-10-21,213,194.38731780073368,192.23848,25198.7,23904.920769797507,29741.164
2024-10-22,175,198.05823096576924,191.77524,21870.9,24260.552842558354,29356.426
2024-10-23,191,189.26407561821338,190.72263,23441.2,23430.669616563933,29835.988
2024-10-24,177,192.14838513975985,191.08801,22559.5,23208.968233720443,29787.662
2024-10-25,187,186.52586374198557,192.09898,22935.9,23580.83628176615,29149.467
2024-10-26,191,193.43496760148818,193.57704,24200.2,23869.033830153945,29614.014
2024-10-27,194,200.27803122483732,192.25401,24969.8,24107.564810522726,29689.842
2024-10-28,176,192.39788958630234,192.3101,22061.6,24090.857320131818,29713.113
2024-10-29,180,191.02261824078283,191.76549,22485.4,24148.069348166744,29312.695
2024-10-30,192,189.0928977674525,190.66739,25049.6,23074.10283728301,29718.111
2024-10-31,196,189.99224687364898,191.14891,23416.7,23863.414217975667,29696.908
2024-11-01,214,193.22834014989434,192.00925,27349.0,24165.836951835816,29072.28
2024-11-02,188,194.22199585363532,193.68408,22618.4,23939.162196326164,29553.016
2024-11-03,183,191.79170817853552,192.24979,22179.6,24224.185347727835,29605.326
2024-11-04,196,196.70742532272914,192.3821,26658.9,24422.107457647555,29594.676
2024-11-05,186,190.18931863052757,191.7811,22720.7,23473.039477314862,29207.389
2024-11-06,177,186.9478191677187,190.75142,22789.2,24055.95466856297,29814.725
2024-11-07,191,191.0742491537166,191.07425,24594.9,24083.72309299632,29774.633
2024-11-08,204,197.18620669461293,192.02847,26284.2,25459.9295335032,29108.492
2024-11-09,181,187.8669729640898,193.59024,24505.3,24510.223368566865,29607.014
2024-11-10,193,182.95145729692118,192.21365,24789.0,24390.63420906787,29689.94
2024-11-11,201,196.65645449179584,192.30779,25699.7,25538.21072405394,29680.295
2024-11-12,190,200.22634981865198,191.71838,25413.2,25772.634130356837,29276.443
2024-11-13,168,194.22674131140934,190.66412,21869.0,26817.845738564603,29644.484
2024-11-14,199,195.64189840922768,191.1372,25818.2,26671.28467985301,29641.71
2024-11-15,203,193.53267717202522,191.9452,27520.3,25686.867372709465,28992.416
2024-11-16,200,195.20969604781638,193.75052,25599.3,26525.942738282753,29508.01
2024-11-17,180,186.04325904641158,192.18867,23051.3,24437.638068787775,29570.209
2024-11-18,165,185.84873996798623,192.36374,21494.2,24524.826723629947,29501.879
2024-11-19,169,186.38040100378933,191.72862,22564.5,24074.216314879643,29114.217
2024-11-20,213,187.74812892696886,190.52039,28809.0,25120.259375603084,29332.24
2024-11-21,164,191.20490211556222,191.23059,21588.7,25276.18814559747,29394.924
2024-11-22,186,183.98615395213298,191.89182,26479.3,24897.38742754731,28799.768
2024-11-23,167,190.33755073806606,193.82219,23239.7,24942.699733119123,29311.734
2024-11-24,201,194.40524338897498,192.22316,26501.0,26122.959385920665,29393.797
2024-11-25,205,193.9567617265969,192.3569,28340.0,26391.315933979204,29193.77
2024-11-26,201,200.52944137296313,191.81927,27044.1,27416.794804531328,28858.54
2024-11-27,193,191.61540180058364,190.58469,26792.2,26205.976814005746,29401.791
2024-11-28,194,199.0851708381963,191.17317,24772.8,27943.293952679785,29450.129
2024-11-29,192,193.15647887427338,191.86206,25736.1,26985.193189653626,28810.197
2024-11-30,186,183.21387875682328,193.78415,26588.8,25196.499152947934,29356.553
2024-12-01,197,191.84056280072426,192.20549,27611.4,26450.25008470601,29444.598
2024-12-02,187,191.64942728591612,192.34802,26639.5,26881.17435536469,29255.133
2024-12-03,207,195.71514680333897,191.75208,28306.9,27548.19371991094,28896.959
2024-12-04,206,201.77185559125536,190.47182,28358.5,27995.066160437465,29176.82
2024-12-05,199,193.37319533881274,191.22198,28797.1,27720.84924854089,29262.143
2024-12-06,219,192.5330572980818,191.84218,30904.0,27146.07646727086,28645.762
2024-12-07,186,198.71159439492288,193.86725,25072.9,26358.788854028757,29211.717
2024-12-08,184,187.47418967522165,192.21532,26123.0,26313.59536099092,29307.643
2024-12-09,165,185.10141698888174,192.37148,24086.7,26948.772009938577,29013.516
2024-12-10,195,196.27495912839652,191.80037,27013.5,29050.808667864327,28679.742
2024-12-11,170,184.9968129064397,190.41696,25136.6,26615.309775803806,29076.22
2024-12-12,198,188.17163331519345,191.23427,28221.7,27332.44526116113,29178.262
2024-12-13,196,196.35116284033907,191.84601,28679.5,29122.15341442303,28582.15
2024-12-14,186,187.4281684155197,193.88501,27560.7,27561.32948298481,29144.996
2024-12-15,187,197.61695569502206,192.23965,27343.0,29129.90935481695,29245.854
2024-12-16,206,200.92677400576403,192.36482,29566.4,29843.78579838567,28910.045
2024-12-17,193,194.6342249698011,191.83989,28697.9,29133.442510840967,28594.43
2024-12-18,195,186.99034068692052,190.34023,27522.1,27317.445364424035,28923.088
2024-12-19,186,193.93248665673323,191.21419,26083.3,29005.931650827464,29054.568
2024-12-20,205,188.66548932983642,191.85873,29612.6,27122.919067425337,28476.814
2024-12-21,162,187.28008195558243,193.88565,23374.5,26588.412969703655,29033.926
2024-12-22,198,190.40665105735636,192.30028,27730.9,27837.517411841873,29163.338
2024-12-23,193,192.6540898215542,192.29527,28482.2,27752.335444231798,28753.127
2024-12-24,176,187.17527354706223,191.87062,26533.3,27443.889757461802,28467.22
2024-12-25,189,187.9252937941929,190.16045,28159.5,27445.52112920981,28674.78
2024-12-26,210,192.26124102005147,191.14796,31822.4,28803.68792611979,28855.408
2024-12-27,184,189.5395343947293,192.01564,29582.0,28358.395405548174,28304.365
2024-12-28,173,180.8687264747436,193.90668,26447.2,25989.880494530244,28834.697
2024-12-29,205,191.23432166532888,192.45691,30718.1,29083.573695255105,29040.863
2024-12-30,204,192.29795014942755,192.04886,29673.6,29866.907469578626,28502.205
2024-12-31,188,193.5052375239389,191.92393,29329.5,29794.597868864683,28260.174
2025-01-01,183,196.20842666597875,190.04727,27738.9,28604.91889230008,28472.22
2025-01-02,188,194.36291895358875,191.16272,30362.4,29853.537302381967,28685.215
2025-01-03,215,202.1966539101706,192.03276,33505.9,31869.613984188498,28146.717
2025-01-04,187,182.0253610361013,193.98541,28400.5,27712.62692604879,28692.36
2025-01-05,199,196.8605758373179,192.48782,29349.2,30944.861691943122,28919.123
2025-01-06,213,192.90297521642435,191.99602,31338.1,30644.22979667299,28278.049
2025-01-07,208,192.323478061429,191.93365,32374.9,29732.79252995199,28056.926
2025-01-08,197,197.51119452390733,189.93497,30482.1,30225.178001977947,28330.193
2025-01-09,156,181.62384173049864,191.07074,24424.5,27991.427805603496,28572.385
2025-01-10,179,187.25178757485125,192.17838,27383.0,28853.19485122208,28045.69
2025-01-11,196,186.27050819982608,193.93779,30382.5,27770.142491187948,28564.03
2025-01-12,190,192.36424580872477,192.62059,29540.3,30622.367088509236,28863.766
2025-01-13,177,192.6274285871465,191.74121,27290.8,30180.599837683912,28142.05
2025-01-14,224,193.9204211582829,191.96237,35452.0,30259.07953030925,27949.617
2025-01-15,192,187.47032436753088,189.92911,30051.9,29287.403126539673,28446.104
2025-01-16,197,192.89156686127728,190.79814,29995.5,30438.553944195664,28671.547
2025-01-17,170,190.8360065540719,192.44366,26307.7,30025.521610956894,28132.275
2025-01-18,184,184.113702726424,193.67789,28654.9,30064.31319526292,28570.51
2025-01-19,197,185.45930487240668,192.84471,31449.4,29877.854218193188,28975.049
2025-01-20,178,182.34470630914822,191.2926,28652.5,29231.530780955254,28292.39
2025-01-21,189,185.987136326898,191.94537,29298.4,29375.308160876557,28113.057
2025-01-22,163,181.01455773370841,189.82005,25994.7,28550.022845155912,28258.176
2025-01-23,191,182.41954047557923,190.76198,29883.9,29808.178687223408,28517.69
2025-01-24,162,183.76375134401715,192.51604,25970.6,29519.43764328236,27983.828
2025-01-25,193,188.34588110201275,193.6969,31031.5,31300.617715265882,28429.734
2025-01-26,193,191.55232216507378,192.92905,30122.2,30444.560116081426,28880.68
2025-01-27,181,197.06169190449575,191.16574,30307.6,32276.535860844262,28096.908
2025-01-28,187,183.85323405740965,191.9701,30362.0,30401.794611298767,27939.174
2025-01-29,205,192.0323403969019,189.66338,32636.6,30692.93055179519,28030.416
2025-01-30,197,193.69285315085983,190.70691,32349.0,30940.158592506268,28335.94
2025-01-31,191,190.72423817313776,192.64258,31093.1,31531.07594730097,27830.816
2025-02-01,189,192.89792971596313,193.7032,30786.9,32128.290222420495,28245.76
2025-02-02,197,202.51828427961883,193.06743,32268.3,33251.63935301327,28765.842
2025-02-03,217,198.83969776750038,190.9347,34426.1,31633.19087528882,27868.621
2025-02-04,193,184.09913292186528,192.01189,31949.5,29993.27464443532,27753.73
2025-02-05,176,189.1793489886573,189.55827,29252.6,30101.232353606796,27886.895
2025-02-06,208,194.71335095835067,190.5974,33960.4,32193.826055045323,28221.488
2025-02-07,192,185.0520814728853,192.78468,31537.0,29850.409018206425,27713.197
2025-02-08,191,184.24566828920857,193.62216,31352.7,30158.696841311612,28107.678
2025-02-09,176,193.11282240182769,193.25647,28820.6,32260.406513936523,28715.346
2025-02-10,179,191.28020869955404,190.66335,28553.3,31074.658001552292,27726.832
2025-02-11,204,191.14143264674507,192.00447,33094.2,31674.334587614092,27639.094
2025-02-12,169,182.82237877009493,189.4285,28329.0,29404.525701055187,27683.705
2025-02-13,169,191.42059673583117,190.70691,29103.1,30779.049414041725,28025.969
2025-02-14,219,195.79319858342998,192.80861,36278.4,32753.720572179347,27582.158
2025-02-15,195,198.88494276306704,193.61462,31995.4,33425.28974429423,27874.547
2025-02-16,200,195.87166153925315,193.22978,34033.4,32138.887418882357,28544.49
2025-02-17,170,189.9584021097816,190.55966,27754.5,31193.550057597153,27476.908
2025-02-18,198,196.41620731983542,192.1278,32385.8,33200.13565971276,27439.105
2025-02-19,217,186.3686046454302,189.45512,35283.3,31038.611234282773,27614.875
2025-02-20,175,182.9185554915082,190.73737,29102.5,29725.164880675347,27952.158
2025-02-21,204,192.23261459090895,192.73778,34430.8,32296.950703966966,27533.723
2025-02-22,192,197.28588252808515,193.56622,32720.5,32171.514139480947,27758.021
2025-02-23,205,192.79398845499594,193.0942,34742.9,32050.93640975817,28457.12
2025-02-24,207,191.2060403196206,190.55069,33950.9,30933.240689818416,27361.027
2025-02-25,174,183.33804677000248,192.16954,28616.5,29567.694268920386,27347.133
2025-02-26,206,197.93098487082602,189.35179,35369.2,32252.452422781105,27320.855
2025-02-27,184,193.8983081088835,190.66647,30852.7,31430.498215977463,27628.664
2025-02-28,188,197.78552436912037,192.76532,31430.9,33278.78093992219,27296.527
2025-03-01,189,185.93044037151768,193.34088,31058.5,30317.14347834782,27243.547
2025-03-02,207,191.0537779548703,192.64987,33451.3,31780.436041935965,28074.09
2025-03-03,171,199.24700586475257,190.17989,28501.9,32761.044877908727,26872.82
2025-03-04,162,185.11625027203218,192.36566,26455.1,29415.564249780266,26926.8
2025-03-05,178,180.07965692460218,189.06079,29304.0,28676.23820650952,27070.95
2025-03-06,197,185.73078950023694,190.3408,32707.0,30860.47595669186,27349.824
2025-03-07,177,184.29578546402163,192.5039,30689.8,30538.850350342327,27021.957
2025-03-08,182,189.22242502163482,192.83864,30642.9,31684.788254830488,26865.018
2025-03-09,172,192.56828292837756,192.29631,29690.0,31827.747710175907,27708.123
2025-03-10,180,189.28511267665962,190.23604,30607.4,31514.807736033366,26676.125
2025-03-11,186,189.46841180568754,192.49704,31284.3,31661.628483187247,26693.004
2025-03-12,184,190.43583528689211,188.88927,31021.6,32333.78895685044,26935.195
2025-03-13,229,205.568409698258,190.22527,38908.0,34576.807997237556,27232.875
2025-03-14,191,198.35588891740198,192.38924,31462.2,33333.5578939475,26909.28
2025-03-15,158,188.43219443073392,192.62874,26215.5,30715.399169497487,26716.385
2025-03-16,173,189.88795180825045,192.17056,28836.9,32271.15251086897,27559.367
2025-03-17,191,179.68474725535094,190.18202,30852.6,29747.926031636733,26618.398
2025-03-18,209,191.03170480585067,192.5557,33437.2,31690.050227698408,26610.28
2025-03-19,194,186.28014253134725,188.69864,32124.1,30603.299545126305,26741.383
2025-03-20,210,199.86105020512318,190.00345,34594.9,33324.79014351116,27016.521
2025-03-21,185,194.6746764439418,192.0914,31545.7,32171.52368742637,26695.275
2025-03-22,196,193.6348882742652,192.19511,33785.2,32310.987548448,26435.133
2025-03-23,175,182.51900049010933,191.74245,29411.9,28841.257789257692,27259.727
2025-03-24,192,196.89789492645482,190.31927,32348.1,32700.283954818617,26487.002
2025-03-25,183,186.6724444030317,192.64029,29881.4,30009.297641334248,26429.871
2025-03-26,222,201.30628929175185,188.5432,37510.3,34555.490929861015,26571.346
2025-03-27,196,194.40764019196166,189.78629,33238.2,31832.55494368881,26824.777
2025-03-28,198,192.19003349103585,191.83446,33785.2,31922.58314819769,26499.996
2025-03-29,172,190.14757186230855,191.79622,27870.1,30504.474108089977,26182.738
2025-03-30,167,181.1724531161755,191.34995,27618.3,29883.25865107138,26997.97
2025-03-31,213,183.77695091541284,190.43933,34965.1,31967.713885612204,26361.232
2025-04-01,186,189.66243400001383,192.72408,31364.0,30679.964655321266,26263.164
2025-04-02,184,193.75218755720098,188.37344,30462.3,32027.78824552783,26415.23
2025-04-03,211,199.08174239351354,189.49995,34700.1,32547.035193315052,26679.088
2025-04-04,204,190.88887218268863,191.62624,33125.6,31252.53307793532,26314.602
2025-04-05,192,190.78722729644403,191.47867,32107.6,30960.324707761807,25997.732
2025-04-06,199,190.72363823184088,191.12817,33777.0,30735.217825689,26843.467
2025-04-07,186,197.55170592882263,190.27354,31212.1,32191.46642293737,26289.986
2025-04-08,199,197.27185001422913,192.70493,33441.3,32497.369037063974,26151.252
2025-04-09,208,199.23203260056707,188.33736,35582.5,33439.522043577104,26367.47
2025-04-10,185,196.76696723090524,189.45529,30580.5,32382.886183360264,26602.865
2025-04-11,192,198.46521895573488,191.51826,30243.2,33046.33340448503,26244.215
2025-04-12,178,185.6310791910631,191.32072,30242.1,30502.171408879818,25897.469
2025-04-13,199,188.05441750212526,190.95836,32357.5,29911.613154307313,26725.78
2025-04-14,163,186.50828220154506,190.40927,27184.2,30370.68975214919,26230.676
2025-04-15,193,190.04592129809063,192.7583,32012.1,30589.52188303545,26078.19
2025-04-16,178,186.46049352808922,188.26233,28073.3,29663.325488045233,26200.94
2025-04-17,197,197.18000609735333,189.30693,31223.8,31311.20448872821,26415.414
2025-04-18,163,184.15221878647336,191.3266,26285.7,29161.057739544405,26079.777
2025-04-19,199,193.29580483852254,190.98093,31498.7,31680.66937599087,25666.398
2025-04-20,179,184.6011791453454,190.74641,28014.6,29546.50303352281,26479.361
2025-04-21,201,185.24858390983272,190.5637,32287.9,29729.52270211546,26084.316
2025-04-22,205,187.44650436858396,192.92319,33049.5,29237.573338807404,25928.29
2025-04-23,164,185.23116286567924,188.51123,26574.8,29697.620133777327,26036.508
2025-04-24,191,187.63161870833548,189.04843,30162.4,29873.410184248485,26195.14
2025-04-25,182,185.94466334385194,191.42172,27892.5,29095.8931354826,25832.318
2025-04-26,202,188.76535849685072,190.66968,32534.6,28996.726241772263,25477.22
2025-04-27,170,190.34917289906593,190.70934,26238.2,30314.25943215241,26299.754
2025-04-28,198,197.32422095605855,190.59244,31560.7,31344.616678960596,25936.66
2025-04-29,176,185.82811470814212,192.84001,27496.0,29233.76265217863,25788.766
2025-04-30,196,198.36823644638952,188.62172,31186.1,30760.9094751911,25901.957
2025-05-01,199,194.22533079341932,189.01218,29020.9,30903.242499553195,25834.918
2025-05-02,205,189.264324070206,191.45988,31486.3,29833.0216980598,25540.857
2025-05-03,194,192.13363514183342,190.13889,30795.9,29393.761779414348,25262.201
2025-05-04,212,204.87876440842936,190.50482,31837.0,31947.424963458303,25969.684
2025-05-05,158,184.0476688106592,190.86049,23621.0,27375.167356685062,25757.18
2025-05-06,191,189.0721397269213,192.59293,28853.3,29163.787250848203,25601.277
2025-05-07,202,197.09432963491236,188.6832,31505.4,30401.19175463512,25761.072
2025-05-08,186,183.31928358015355,188.93129,29179.9,27583.50317080665,25558.885
2025-05-09,178,187.85609352541152,191.50607,28666.8,29242.824705489613,25313.22
2025-05-10,193,190.21325085053775,189.98276,29519.4,28774.629311919132,25143.605
2025-05-11,186,199.25667106822954,190.29364,29290.3,30215.073983232003,25732.844
2025-05-12,204,194.636277910892,190.88065,28713.9,30225.28176211677,25605.127
2025-05-13,189,192.29451830425637,192.33827,28672.3,29380.60829930263,25418.967
2025-05-14,220,195.36942592143035,188.72862,31813.8,29632.895909633644,25538.484
2025-05-15,167,189.23083820593382,189.10422,24061.5,28573.204606176365,25174.465
2025-05-16,169,183.2083241255222,191.79819,24470.4,27487.175880819414,25029.787
2025-05-17,205,188.98085838397455,189.7049,29756.2,28744.630425328145,24895.07
2025-05-18,185,193.25421429391477,190.11485,27112.8,29085.132453671173,25375.172
2025-05-19,205,184.80177742912997,190.88524,28045.2,27559.846260889677,25438.852
2025-05-20,183,186.67992691917456,192.20259,26479.3,27264.97443324522,25163.348
2025-05-21,206,191.56116649494726,188.83313,29859.3,27842.315198397017,25454.67
2025-05-22,208,191.94006612005975,189.48834,30795.9,28110.49509869243,25099.97
2025-05-23,177,189.51684828940705,191.8414,25171.4,27539.700049013863,25024.293
2025-05-24,194,187.2216314916324,189.74054,27027.6,27513.471765400755,24827.96
2025-05-25,179,183.16640899440765,190.12633,26514.2,26257.808661442028,25264.787
2025-05-26,187,191.37540861592356,191.0302,25947.6,27238.49365091678,25385.746
2025-05-27,193,186.8804978281505,192.35927,28739.5,27080.999508669138,25115.041
2025-05-28,183,192.98324545556497,189.08682,24923.1,27895.02602714928,25469.184
2025-05-29,106,181.8554661063327,189.91702,15001.6,27472.320917176647,25113.686
