timestamp,port_congestion_level,warehouse_inventory_level,handling_equipment_availability,loading_unloading_time,weather_condition_severity,delay_probability,historical_demand
2021-01-01,5.55,595.0,0.716,3.26,0.679,0.565,2214
2021-01-02,4.97,542.0,0.8,2.77,0.738,0.64,1513
2021-01-03,5.8,577.0,0.721,3.81,0.769,0.635,1758
2021-01-04,6.73,597.0,0.784,3.7,0.726,0.662,2117
2021-01-05,5.02,596.0,0.844,3.07,0.764,0.564,2353
2021-01-06,5.08,601.0,0.777,3.32,0.691,0.626,2131
2021-01-07,6.94,661.0,0.631,3.72,0.578,0.728,2131
2021-01-08,6.18,603.0,0.786,3.07,0.802,0.595,2439
2021-01-09,4.99,569.0,0.822,2.75,0.636,0.56,1102
2021-01-10,6.06,629.0,0.799,3.23,0.601,0.613,1579
2021-01-11,5.1,641.0,0.86,3.28,0.675,0.627,2675
2021-01-12,5.15,520.0,0.743,3.07,0.6,0.547,2297
2021-01-13,5.91,611.0,0.816,2.71,0.648,0.465,2617
2021-01-14,3.8,617.0,0.884,2.52,0.723,0.627,2165
2021-01-15,4.04,567.0,0.73,2.79,0.722,0.604,2208
2021-01-16,5.25,651.0,0.811,3.03,0.595,0.489,1618
2021-01-17,4.85,575.0,0.778,3.56,0.634,0.542,1114
2021-01-18,6.23,589.0,0.771,2.83,0.788,0.723,1885
2021-01-19,5.06,575.0,0.816,3.16,0.728,0.67,2015
2021-01-20,4.6,584.0,0.784,3.37,0.884,0.662,2333
2021-01-21,7.53,529.0,0.716,4.19,0.792,0.675,2262
2021-01-22,5.88,512.0,0.784,3.06,0.786,0.638,2262
2021-01-23,6.22,664.0,0.721,3.39,0.53,0.586,1749
2021-01-24,4.78,543.0,0.75,3.13,0.743,0.648,1462
2021-01-25,5.71,536.0,0.82,3.2,0.658,0.559,2597
2021-01-26,6.41,478.0,0.714,3.25,0.606,0.573,2307
2021-01-27,5.19,554.0,0.829,3.17,0.674,0.641,2378
2021-01-28,6.77,521.0,0.788,2.59,0.749,0.651,2212
2021-01-29,5.84,669.0,0.697,3.37,0.701,0.684,2439
2021-01-30,6.19,638.0,0.742,3.28,0.56,0.564,1567
2021-01-31,5.92,554.0,0.841,3.12,0.719,0.619,1797
2021-02-01,8.42,701.0,0.682,4.3,0.577,0.622,2131
2021-02-02,6.6,639.0,0.745,3.12,0.659,0.63,2183
2021-02-03,5.6,574.0,0.811,3.0,0.603,0.515,2681
2021-02-04,7.52,466.0,0.789,4.1,0.608,0.623,2408
2021-02-05,5.52,706.0,0.777,2.85,0.702,0.534,2443
2021-02-06,6.99,522.0,0.73,3.23,0.518,0.648,1846
2021-02-07,4.87,510.0,0.874,2.93,0.812,0.644,1547
2021-02-08,5.54,644.0,0.876,3.36,0.431,0.466,2749
2021-02-09,7.1,716.0,0.807,3.48,0.549,0.69,2873
2021-02-10,7.68,664.0,0.751,3.15,0.641,0.784,2781
2021-02-11,7.16,623.0,0.716,3.27,0.658,0.649,2844
2021-02-12,6.91,625.0,0.72,3.2,0.585,0.592,2563
2021-02-13,6.76,639.0,0.791,3.33,0.585,0.761,1994
2021-02-14,5.62,635.0,0.809,3.25,0.627,0.528,1687
2021-02-15,6.42,612.0,0.842,3.41,0.558,0.605,2583
2021-02-16,6.71,604.0,0.798,2.81,0.715,0.653,2187
2021-02-17,8.26,596.0,0.66,3.97,0.655,0.746,2890
2021-02-18,7.58,562.0,0.801,3.59,0.653,0.676,2518
2021-02-19,5.51,587.0,0.74,3.52,0.464,0.533,2877
2021-02-20,7.63,517.0,0.728,3.66,0.548,0.591,1681
2021-02-21,6.96,598.0,0.773,3.72,0.52,0.596,2090
2021-02-22,6.7,554.0,0.866,3.48,0.444,0.539,2928
2021-02-23,8.02,549.0,0.895,4.01,0.575,0.658,2628
2021-02-24,8.47,614.0,0.761,3.85,0.48,0.622,2997
2021-02-25,8.4,675.0,0.723,3.65,0.594,0.596,2596
2021-02-26,6.65,653.0,0.794,4.01,0.415,0.645,2893
2021-02-27,7.21,529.0,0.8,3.71,0.689,0.629,1529
2021-02-28,7.88,559.0,0.726,3.75,0.421,0.557,1796
2021-03-01,8.55,656.0,0.819,3.33,0.527,0.654,3072
2021-03-02,7.12,561.0,0.769,3.04,0.578,0.633,2652
2021-03-03,7.44,600.0,0.776,3.58,0.436,0.523,2892
2021-03-04,6.55,639.0,0.802,3.35,0.572,0.627,3153
2021-03-05,6.48,564.0,0.791,3.11,0.358,0.514,3207
2021-03-06,8.51,619.0,0.772,3.74,0.62,0.765,2426
2021-03-07,9.08,548.0,0.688,4.29,0.47,0.692,2445
2021-03-08,7.67,586.0,0.719,3.74,0.403,0.591,3105
2021-03-09,8.77,633.0,0.67,3.41,0.426,0.611,3351
2021-03-10,8.14,538.0,0.759,3.6,0.53,0.645,3396
2021-03-11,7.16,641.0,0.796,3.19,0.385,0.622,3306
2021-03-12,8.18,619.0,0.759,3.52,0.362,0.616,3116
2021-03-13,9.37,648.0,0.796,3.75,0.408,0.652,2309
2021-03-14,7.82,633.0,0.743,3.42,0.306,0.599,2387
2021-03-15,9.43,691.0,0.745,3.51,0.599,0.673,3245
2021-03-16,5.26,630.0,0.74,3.01,0.354,0.512,3748
2021-03-17,8.72,603.0,0.706,3.58,0.487,0.555,3329
2021-03-18,8.0,632.0,0.775,2.72,0.418,0.672,3328
2021-03-19,7.62,654.0,0.79,4.14,0.292,0.602,3725
2021-03-20,8.03,630.0,0.725,3.93,0.383,0.579,2578
2021-03-21,5.96,630.0,0.777,3.08,0.455,0.665,2304
2021-03-22,7.73,594.0,0.669,3.55,0.351,0.607,3872
2021-03-23,8.32,597.0,0.716,3.31,0.483,0.594,3309
2021-03-24,9.45,561.0,0.756,4.4,0.459,0.718,3519
2021-03-25,7.46,720.0,0.78,4.06,0.442,0.632,3760
2021-03-26,7.17,571.0,0.782,3.48,0.297,0.594,3783
2021-03-27,7.49,600.0,0.753,3.8,0.228,0.549,2651
2021-03-28,8.91,600.0,0.722,3.83,0.268,0.643,3044
2021-03-29,8.32,681.0,0.701,3.26,0.342,0.605,3752
2021-03-30,7.47,623.0,0.786,3.37,0.37,0.626,4476
2021-03-31,8.51,701.0,0.751,3.74,0.091,0.478,4271
2021-04-01,8.1,606.0,0.763,3.48,0.301,0.581,4087
2021-04-02,8.97,655.0,0.694,3.73,0.311,0.717,4085
2021-04-03,7.3,600.0,0.646,3.43,0.26,0.533,3365
2021-04-04,7.67,750.0,0.801,3.51,0.41,0.582,2683
2021-04-05,7.6,584.0,0.724,3.54,0.316,0.569,3957
2021-04-06,6.53,660.0,0.726,2.99,0.398,0.515,4090
2021-04-07,8.28,678.0,0.769,3.44,0.239,0.486,4342
2021-04-08,8.24,668.0,0.716,3.26,0.347,0.605,3891
2021-04-09,7.98,639.0,0.793,3.89,0.41,0.628,4272
2021-04-10,7.73,643.0,0.776,2.91,0.371,0.604,3325
2021-04-11,6.54,652.0,0.803,3.65,0.124,0.514,3249
2021-04-12,7.53,644.0,0.681,3.92,0.201,0.568,4388
2021-04-13,7.6,700.0,0.809,3.43,0.185,0.616,4415
2021-04-14,7.13,764.0,0.771,2.64,0.262,0.557,4742
2021-04-15,7.76,626.0,0.726,3.44,0.275,0.559,4351
2021-04-16,8.31,587.0,0.741,3.64,0.116,0.558,4978
2021-04-17,9.78,652.0,0.616,3.65,0.2,0.662,3444
2021-04-18,8.05,786.0,0.759,3.46,0.0,0.612,3400
2021-04-19,8.12,618.0,0.686,4.08,0.324,0.577,4569
2021-04-20,7.77,741.0,0.677,3.75,0.122,0.562,4944
2021-04-21,5.91,744.0,0.706,2.9,0.172,0.529,5045
2021-04-22,7.78,633.0,0.8,3.08,0.129,0.51,4692
2021-04-23,7.85,690.0,0.711,3.47,0.268,0.59,4640
2021-04-24,10.0,744.0,0.777,3.94,0.0,0.527,3182
2021-04-25,7.56,645.0,0.722,3.66,0.139,0.466,3529
2021-04-26,8.03,655.0,0.654,3.45,0.124,0.584,4998
2021-04-27,7.68,637.0,0.691,3.69,0.083,0.528,4691
2021-04-28,6.52,616.0,0.831,3.88,0.295,0.565,4878
2021-04-29,8.81,635.0,0.716,4.01,0.027,0.569,4737
2021-04-30,8.39,607.0,0.705,3.66,0.187,0.54,4787
2021-05-01,8.41,671.0,0.74,3.63,0.14,0.578,3618
2021-05-02,6.68,632.0,0.791,3.23,0.224,0.484,3445
2021-05-03,8.97,683.0,0.777,4.15,0.025,0.644,5061
2021-05-04,6.13,594.0,0.85,3.04,0.013,0.419,5022
2021-05-05,8.09,689.0,0.72,3.63,0.19,0.571,5156
2021-05-06,9.67,715.0,0.64,3.95,0.117,0.561,5094
2021-05-07,6.46,575.0,0.75,3.14,0.0,0.522,5180
2021-05-08,6.85,694.0,0.776,2.96,0.01,0.491,3767
2021-05-09,7.49,738.0,0.702,3.59,0.097,0.518,3756
2021-05-10,6.85,617.0,0.715,3.35,0.136,0.576,5127
2021-05-11,5.77,762.0,0.802,3.3,0.0,0.475,5232
2021-05-12,7.36,700.0,0.75,3.31,0.0,0.547,5798
2021-05-13,6.2,644.0,0.778,3.61,0.089,0.455,5363
2021-05-14,7.7,677.0,0.708,3.28,0.0,0.461,5463
2021-05-15,6.27,709.0,0.763,3.77,0.0,0.493,4141
2021-05-16,8.7,686.0,0.68,3.22,0.0,0.545,4521
2021-05-17,6.33,709.0,0.818,3.4,0.098,0.541,5322
2021-05-18,6.76,637.0,0.817,3.49,0.025,0.504,5706
2021-05-19,7.86,692.0,0.651,3.33,0.0,0.546,5386
2021-05-20,5.77,614.0,0.738,3.28,0.141,0.42,5511
2021-05-21,7.19,680.0,0.681,3.82,0.062,0.623,5396
2021-05-22,8.23,641.0,0.703,2.98,0.155,0.57,3608
2021-05-23,5.28,650.0,0.79,3.21,0.0,0.493,4080
2021-05-24,7.03,749.0,0.687,2.66,0.0,0.469,5418
2021-05-25,7.06,742.0,0.713,3.12,0.0,0.527,5909
2021-05-26,7.55,719.0,0.699,4.0,0.0,0.461,5749
2021-05-27,5.48,635.0,0.801,2.92,0.0,0.487,5926
2021-05-28,5.36,674.0,0.796,2.72,0.031,0.449,5775
2021-05-29,7.16,751.0,0.721,3.37,0.0,0.516,4012
2021-05-30,6.89,698.0,0.771,4.0,0.023,0.546,4153
2021-05-31,6.8,807.0,0.737,2.81,0.028,0.448,5641
2021-06-01,6.85,712.0,0.749,3.05,0.169,0.505,5710
2021-06-02,5.78,702.0,0.868,3.6,0.0,0.496,5803
2021-06-03,6.65,677.0,0.834,3.89,0.0,0.604,5721
2021-06-04,6.66,700.0,0.702,3.3,0.0,0.493,5474
2021-06-05,5.61,686.0,0.829,2.75,0.0,0.498,4523
2021-06-06,8.14,730.0,0.778,4.26,0.086,0.556,3968
2021-06-07,6.7,743.0,0.709,3.82,0.0,0.598,6137
2021-06-08,4.99,656.0,0.841,3.2,0.0,0.362,6325
2021-06-09,6.79,629.0,0.841,3.11,0.0,0.508,5748
2021-06-10,5.11,604.0,0.742,3.01,0.0,0.372,5849
2021-06-11,6.82,722.0,0.718,3.32,0.0,0.379,6547
2021-06-12,7.15,641.0,0.808,3.53,0.0,0.529,4586
2021-06-13,5.12,589.0,0.811,3.46,0.087,0.478,4265
2021-06-14,6.85,717.0,0.791,3.63,0.0,0.491,6106
2021-06-15,6.25,822.0,0.792,2.93,0.0,0.482,5981
2021-06-16,6.61,698.0,0.787,3.74,0.0,0.653,6096
2021-06-17,7.64,740.0,0.681,3.62,0.0,0.516,5853
2021-06-18,5.45,702.0,0.843,3.3,0.0,0.489,5748
2021-06-19,4.89,694.0,0.861,3.42,0.0,0.414,4163
2021-06-20,4.7,745.0,0.795,2.61,0.0,0.456,4402
2021-06-21,4.72,685.0,0.803,2.93,0.0,0.43,5969
2021-06-22,5.41,713.0,0.715,2.92,0.0,0.442,6123
2021-06-23,5.78,715.0,0.81,2.69,0.015,0.567,5906
2021-06-24,5.66,666.0,0.815,3.24,0.0,0.529,5988
2021-06-25,6.16,749.0,0.774,3.99,0.0,0.492,6314
2021-06-26,5.3,691.0,0.85,2.51,0.0,0.344,4510
2021-06-27,6.69,662.0,0.75,3.33,0.0,0.483,4307
2021-06-28,4.92,727.0,0.83,3.18,0.048,0.592,6324
2021-06-29,7.85,655.0,0.692,3.61,0.0,0.524,6126
2021-06-30,5.7,701.0,0.785,3.11,0.0,0.526,6439
2021-07-01,4.17,700.0,0.808,2.44,0.0,0.497,6127
2021-07-02,3.9,754.0,0.833,2.85,0.0,0.428,6193
2021-07-03,5.41,724.0,0.773,2.85,0.0,0.42,4140
2021-07-04,4.65,699.0,0.8,2.27,0.0,0.318,4386
2021-07-05,5.53,741.0,0.831,3.47,0.0,0.5,6387
2021-07-06,5.24,769.0,0.773,3.34,0.0,0.416,6471
2021-07-07,4.64,728.0,0.727,2.94,0.0,0.448,6374
2021-07-08,3.82,700.0,0.911,2.83,0.0,0.352,5970
2021-07-09,3.1,634.0,0.907,2.94,0.0,0.38,6537
2021-07-10,4.12,646.0,0.753,2.89,0.0,0.425,4031
2021-07-11,5.37,684.0,0.827,3.34,0.0,0.474,4562
2021-07-12,4.67,669.0,0.781,2.85,0.0,0.385,6127
2021-07-13,3.16,689.0,0.85,3.03,0.035,0.462,6371
2021-07-14,4.53,701.0,0.824,3.0,0.0,0.406,5945
2021-07-15,4.69,725.0,0.794,3.0,0.0,0.357,6444
2021-07-16,3.38,695.0,0.793,2.29,0.0,0.396,5927
2021-07-17,4.36,722.0,0.778,2.96,0.0,0.433,4251
2021-07-18,4.22,701.0,0.77,2.59,0.0,0.435,4174
2021-07-19,2.97,599.0,0.799,2.4,0.0,0.457,5815
2021-07-20,4.42,650.0,0.808,2.64,0.0,0.421,6161
2021-07-21,4.57,689.0,0.773,2.59,0.0,0.431,6475
2021-07-22,5.05,636.0,0.833,3.65,0.065,0.409,6618
2021-07-23,4.97,726.0,0.875,3.39,0.0,0.49,6135
2021-07-24,2.49,772.0,0.821,3.07,0.025,0.389,4652
2021-07-25,2.88,756.0,0.854,2.21,0.0,0.365,4490
2021-07-26,4.29,684.0,0.839,2.88,0.0,0.333,6236
2021-07-27,4.24,769.0,0.839,2.46,0.0,0.499,6007
2021-07-28,4.19,701.0,0.82,2.63,0.0,0.364,6133
2021-07-29,7.49,677.0,0.787,3.22,0.0,0.495,6016
2021-07-30,4.16,662.0,0.841,3.2,0.0,0.443,5923
2021-07-31,4.68,677.0,0.745,2.82,0.0,0.38,4240
2021-08-01,4.45,673.0,0.854,3.21,0.193,0.397,4191
2021-08-02,4.1,700.0,0.862,3.0,0.076,0.332,6184
2021-08-03,3.09,699.0,0.8,3.31,0.033,0.435,5768
2021-08-04,4.12,690.0,0.819,2.38,0.0,0.396,5964
2021-08-05,2.55,712.0,0.883,2.89,0.069,0.537,6332
2021-08-06,3.04,749.0,0.829,2.95,0.024,0.346,6229
2021-08-07,2.75,736.0,0.899,2.26,0.0,0.336,4608
2021-08-08,3.28,614.0,0.953,2.96,0.0,0.37,4304
2021-08-09,5.47,560.0,0.751,3.19,0.0,0.476,5816
2021-08-10,1.25,733.0,0.806,2.18,0.0,0.314,6186
2021-08-11,3.76,618.0,0.84,2.5,0.014,0.446,6137
2021-08-12,1.42,674.0,0.908,2.07,0.0,0.294,5598
2021-08-13,2.52,626.0,0.838,3.12,0.162,0.339,5528
2021-08-14,4.05,594.0,0.892,2.81,0.009,0.333,4430
2021-08-15,2.98,710.0,0.773,2.83,0.0,0.278,4120
2021-08-16,1.81,720.0,0.899,2.12,0.012,0.331,5742
2021-08-17,2.13,653.0,0.827,2.19,0.0,0.349,5543
2021-08-18,3.49,551.0,0.916,3.02,0.074,0.388,5591
2021-08-19,2.05,653.0,0.959,2.0,0.061,0.436,5471
2021-08-20,2.96,699.0,0.802,2.47,0.132,0.477,5998
2021-08-21,2.75,605.0,0.817,2.56,0.0,0.366,4049
2021-08-22,2.02,687.0,0.903,2.44,0.051,0.281,4115
2021-08-23,4.79,676.0,0.785,2.9,0.0,0.415,5649
2021-08-24,3.25,705.0,0.833,2.77,0.128,0.393,5720
2021-08-25,0.56,681.0,0.89,2.32,0.115,0.307,5837
2021-08-26,2.74,626.0,0.749,2.77,0.119,0.371,5663
2021-08-27,1.86,734.0,0.862,2.08,0.075,0.338,5436
2021-08-28,3.34,665.0,0.799,2.58,0.122,0.405,3780
2021-08-29,1.67,671.0,0.842,2.69,0.247,0.368,4001
2021-08-30,2.32,625.0,0.926,2.73,0.064,0.393,5359
2021-08-31,2.92,648.0,0.779,2.17,0.112,0.428,5312
2021-09-01,3.25,625.0,0.876,2.76,0.0,0.352,5486
2021-09-02,1.16,660.0,0.863,1.64,0.023,0.403,5567
2021-09-03,2.0,753.0,0.846,2.41,0.126,0.336,4988
2021-09-04,1.84,598.0,0.903,2.94,0.233,0.321,3914
2021-09-05,1.64,585.0,0.884,2.04,0.103,0.389,3736
2021-09-06,4.03,738.0,0.848,2.56,0.111,0.402,5319
2021-09-07,2.65,653.0,0.895,2.76,0.1,0.416,5353
2021-09-08,0.97,629.0,0.864,1.73,0.094,0.228,5599
2021-09-09,3.13,714.0,0.807,2.44,0.183,0.5,5289
2021-09-10,4.31,631.0,0.76,3.04,0.01,0.465,5284
2021-09-11,3.2,751.0,0.795,2.45,0.295,0.38,3800
2021-09-12,0.64,693.0,1.0,2.06,0.107,0.266,3857
2021-09-13,1.65,634.0,0.929,2.55,0.252,0.484,4970
2021-09-14,3.39,765.0,0.765,2.8,0.059,0.377,5139
2021-09-15,1.4,626.0,0.806,2.36,0.26,0.352,5043
2021-09-16,2.54,692.0,0.873,2.41,0.267,0.316,4829
2021-09-17,2.86,669.0,0.87,2.68,0.245,0.417,4897
2021-09-18,1.15,718.0,0.905,2.19,0.113,0.346,3573
2021-09-19,2.0,730.0,0.847,2.54,0.245,0.445,3231
2021-09-20,0.0,653.0,0.894,1.85,0.108,0.252,5211
2021-09-21,1.02,612.0,0.896,2.15,0.208,0.296,4829
2021-09-22,1.78,672.0,0.869,2.06,0.343,0.445,5045
2021-09-23,0.78,614.0,0.773,2.15,0.326,0.439,4261
2021-09-24,3.65,748.0,0.815,2.49,0.255,0.382,4464
2021-09-25,0.58,653.0,0.846,1.78,0.163,0.404,3363
2021-09-26,1.57,627.0,0.877,2.39,0.332,0.415,3455
2021-09-27,2.14,653.0,1.0,2.49,0.276,0.474,4634
2021-09-28,3.44,575.0,0.849,2.92,0.049,0.41,4595
2021-09-29,0.57,593.0,0.873,1.98,0.366,0.264,4278
2021-09-30,3.16,701.0,0.883,2.76,0.292,0.446,4153
2021-10-01,2.01,607.0,0.884,2.57,0.422,0.498,4349
2021-10-02,1.02,586.0,0.901,2.34,0.199,0.326,2947
2021-10-03,2.46,665.0,0.881,2.25,0.0,0.355,3142
2021-10-04,2.2,696.0,0.959,2.49,0.35,0.427,4405
2021-10-05,1.41,672.0,0.815,2.39,0.358,0.269,4084
2021-10-06,2.08,684.0,0.882,2.42,0.167,0.479,4598
2021-10-07,1.63,596.0,0.821,1.7,0.245,0.353,4468
2021-10-08,2.14,561.0,0.885,2.48,0.625,0.514,3633
2021-10-09,2.69,707.0,0.8,3.2,0.326,0.442,2696
2021-10-10,3.62,614.0,0.807,2.62,0.437,0.559,2258
2021-10-11,0.81,617.0,0.869,1.94,0.305,0.406,3946
2021-10-12,4.19,695.0,0.865,2.95,0.168,0.448,4189
2021-10-13,0.11,655.0,0.944,2.12,0.367,0.332,4023
2021-10-14,1.93,649.0,0.799,2.74,0.364,0.47,3986
2021-10-15,2.68,734.0,0.849,2.16,0.357,0.358,3627
2021-10-16,2.38,592.0,0.817,2.7,0.392,0.482,2838
2021-10-17,1.49,670.0,0.807,2.48,0.437,0.377,2604
2021-10-18,1.92,625.0,0.851,2.34,0.402,0.501,3767
2021-10-19,1.65,635.0,0.851,2.43,0.297,0.417,3812
2021-10-20,1.57,697.0,0.99,2.62,0.479,0.475,3517
2021-10-21,3.03,645.0,0.861,2.87,0.242,0.443,3524
2021-10-22,2.56,645.0,0.78,2.17,0.238,0.337,3938
2021-10-23,1.52,671.0,0.841,2.55,0.523,0.407,2633
2021-10-24,3.14,598.0,0.888,2.61,0.507,0.529,2663
2021-10-25,2.56,574.0,0.953,2.53,0.456,0.477,3630
2021-10-26,3.09,562.0,0.759,2.64,0.329,0.518,3498
2021-10-27,2.93,515.0,0.747,2.54,0.404,0.489,3060
2021-10-28,1.5,716.0,0.964,2.66,0.455,0.387,3530
2021-10-29,1.79,557.0,0.884,2.33,0.327,0.379,3537
2021-10-30,3.12,600.0,0.794,2.29,0.419,0.483,2743
2021-10-31,3.01,596.0,0.867,2.48,0.564,0.387,2475
2021-11-01,2.4,625.0,0.72,2.53,0.648,0.585,3439
2021-11-02,2.57,649.0,0.849,2.88,0.469,0.493,3416
2021-11-03,3.76,651.0,0.841,2.93,0.592,0.592,2987
2021-11-04,1.91,577.0,0.908,2.13,0.331,0.345,3431
2021-11-05,3.08,597.0,0.788,3.36,0.594,0.574,3115
2021-11-06,2.36,619.0,0.857,2.55,0.453,0.573,2041
2021-11-07,2.38,592.0,0.806,2.86,0.57,0.419,2106
2021-11-08,3.73,684.0,0.838,2.7,0.52,0.554,3019
2021-11-09,3.48,627.0,0.786,2.86,0.682,0.541,3251
2021-11-10,3.51,638.0,0.809,2.95,0.468,0.422,2658
2021-11-11,4.03,634.0,0.77,3.17,0.624,0.57,3118
2021-11-12,2.78,659.0,0.877,2.87,0.538,0.533,2820
2021-11-13,3.48,608.0,0.873,2.96,0.555,0.485,1794
2021-11-14,2.52,534.0,0.838,2.41,0.558,0.545,2259
2021-11-15,3.19,618.0,0.838,2.47,0.496,0.412,3115
2021-11-16,2.77,565.0,0.772,2.65,0.584,0.425,3117
2021-11-17,3.04,570.0,0.824,2.89,0.584,0.515,2989
2021-11-18,3.57,625.0,0.826,2.65,0.619,0.532,3191
2021-11-19,2.2,657.0,0.987,2.76,0.608,0.452,3036
2021-11-20,5.15,595.0,0.741,3.47,0.684,0.632,1690
2021-11-21,2.09,609.0,0.931,2.14,0.701,0.529,1998
2021-11-22,1.92,678.0,0.911,2.13,0.508,0.502,3118
2021-11-23,4.33,604.0,0.827,2.82,0.704,0.565,2442
2021-11-24,4.01,722.0,0.908,2.89,0.503,0.551,2628
2021-11-25,3.88,619.0,0.841,2.62,0.684,0.531,2546
2021-11-26,3.93,503.0,0.841,3.19,0.692,0.659,2089
2021-11-27,3.33,628.0,0.831,2.79,0.442,0.448,1958
2021-11-28,2.49,608.0,0.911,2.51,0.646,0.609,1436
2021-11-29,3.51,653.0,0.885,2.27,0.594,0.526,2637
2021-11-30,2.8,622.0,0.813,2.16,0.569,0.429,2814
2021-12-01,4.49,581.0,0.744,2.98,0.783,0.66,2237
2021-12-02,3.42,526.0,0.822,2.04,0.586,0.526,2865
2021-12-03,2.78,576.0,0.804,2.86,0.574,0.541,2243
2021-12-04,3.33,544.0,0.83,2.62,0.665,0.594,1905
2021-12-05,4.11,557.0,0.88,3.8,0.729,0.586,1767
2021-12-06,3.18,615.0,0.813,3.33,0.649,0.496,2132
2021-12-07,2.97,669.0,0.838,2.54,0.783,0.595,2927
2021-12-08,4.09,604.0,0.821,2.79,0.722,0.567,2347
2021-12-09,4.14,524.0,0.86,3.13,0.454,0.549,2316
2021-12-10,3.43,606.0,0.719,3.2,0.621,0.42,2134
2021-12-11,3.52,643.0,0.799,2.21,0.62,0.552,1601
2021-12-12,4.27,553.0,0.825,2.32,0.727,0.541,1536
2021-12-13,2.64,576.0,0.907,2.34,0.418,0.545,2568
2021-12-14,2.73,583.0,0.821,2.72,0.938,0.601,2153
2021-12-15,3.47,543.0,0.737,2.84,0.738,0.564,2373
2021-12-16,4.02,614.0,0.851,3.13,0.702,0.585,2224
2021-12-17,4.59,576.0,0.776,2.56,0.807,0.549,1807
2021-12-18,5.81,602.0,0.724,2.47,0.924,0.74,1231
2021-12-19,5.24,537.0,0.764,3.31,0.779,0.713,891
2021-12-20,4.28,559.0,0.805,2.61,0.788,0.605,2253
2021-12-21,4.47,617.0,0.78,2.29,0.707,0.655,1994
2021-12-22,3.53,562.0,0.719,2.75,0.681,0.514,2274
2021-12-23,4.57,667.0,0.853,3.15,0.649,0.527,2567
2021-12-24,4.35,560.0,0.877,2.83,0.614,0.555,2113
2021-12-25,5.01,592.0,0.832,2.87,0.629,0.598,1729
2021-12-26,3.91,627.0,0.765,2.74,0.563,0.51,1502
2021-12-27,5.31,509.0,0.784,2.95,0.691,0.625,2493
2021-12-28,6.38,492.0,0.772,2.87,0.531,0.613,2111
2021-12-29,4.79,504.0,0.834,2.74,0.719,0.537,2032
2021-12-30,5.35,643.0,0.826,3.23,0.696,0.626,2320
2021-12-31,5.69,552.0,0.749,3.23,0.715,0.657,2007
2022-01-01,4.65,708.0,0.811,2.98,0.648,0.578,1364
2022-01-02,5.33,552.0,0.816,2.77,1.0,0.717,1156
2022-01-03,5.17,589.0,0.869,2.98,0.835,0.561,2148
2022-01-04,5.3,657.0,0.829,2.41,0.575,0.597,2533
2022-01-05,4.48,681.0,0.85,2.95,0.722,0.52,1877
2022-01-06,5.33,683.0,0.798,3.5,0.637,0.532,2258
2022-01-07,5.86,641.0,0.853,2.73,0.596,0.563,2393
2022-01-08,6.86,632.0,0.783,3.2,0.562,0.571,1533
2022-01-09,6.42,610.0,0.729,3.38,0.738,0.613,1636
2022-01-10,7.67,620.0,0.817,3.91,0.626,0.644,2143
2022-01-11,4.8,554.0,0.839,2.82,0.79,0.644,2129
2022-01-12,6.49,540.0,0.748,3.09,0.791,0.637,2194
2022-01-13,5.85,581.0,0.759,2.58,0.827,0.562,2146
2022-01-14,7.91,573.0,0.757,3.61,0.603,0.715,2042
2022-01-15,4.96,559.0,0.824,3.6,0.734,0.554,1611
2022-01-16,4.98,617.0,0.81,3.08,0.748,0.596,1363
2022-01-17,5.27,630.0,0.81,3.05,0.636,0.607,2166
2022-01-18,3.79,587.0,0.909,2.85,0.604,0.544,2318
2022-01-19,5.44,657.0,0.845,3.08,0.84,0.686,2462
2022-01-20,5.25,526.0,0.804,2.81,0.699,0.621,1613
2022-01-21,6.21,574.0,0.823,3.49,0.738,0.591,2330
2022-01-22,6.45,548.0,0.719,3.36,0.589,0.72,1469
2022-01-23,8.03,491.0,0.759,3.61,0.547,0.66,1140
2022-01-24,7.15,581.0,0.847,3.14,0.609,0.629,2382
2022-01-25,5.67,579.0,0.776,3.53,0.651,0.649,2407
2022-01-26,5.4,662.0,0.75,3.28,0.554,0.585,2529
2022-01-27,6.84,618.0,0.731,3.2,0.657,0.656,1753
2022-01-28,5.07,536.0,0.744,3.31,0.486,0.674,2693
2022-01-29,8.27,680.0,0.695,3.5,0.539,0.642,1395
2022-01-30,7.66,649.0,0.728,3.3,0.715,0.657,1625
2022-01-31,6.06,617.0,0.709,2.98,0.705,0.628,2490
2022-02-01,4.86,578.0,0.804,2.44,0.602,0.62,2313
2022-02-02,7.97,541.0,0.786,3.74,0.535,0.571,2580
2022-02-03,6.54,571.0,0.724,2.76,0.531,0.504,2435
2022-02-04,7.94,645.0,0.817,3.22,0.592,0.627,2055
2022-02-05,5.15,685.0,0.823,2.41,0.69,0.511,1992
2022-02-06,6.18,669.0,0.828,3.21,0.714,0.607,1534
2022-02-07,6.83,568.0,0.73,3.32,0.568,0.644,2333
2022-02-08,6.91,537.0,0.804,3.28,0.498,0.562,2538
2022-02-09,6.46,601.0,0.716,2.98,0.636,0.549,2611
2022-02-10,7.57,506.0,0.793,3.16,0.522,0.635,2574
2022-02-11,5.92,611.0,0.79,3.32,0.548,0.63,2773
2022-02-12,6.88,588.0,0.79,3.21,0.728,0.567,1457
2022-02-13,7.18,573.0,0.698,3.53,0.673,0.691,1510
2022-02-14,7.61,517.0,0.703,3.26,0.602,0.69,2540
2022-02-15,7.85,624.0,0.773,3.62,0.454,0.674,3094
2022-02-16,6.05,572.0,0.732,3.6,0.597,0.662,2670
2022-02-17,5.67,541.0,0.81,3.31,0.677,0.716,2915
2022-02-18,8.52,456.0,0.661,3.58,0.528,0.643,2655
2022-02-19,7.61,600.0,0.79,3.6,0.696,0.673,1691
2022-02-20,6.56,690.0,0.707,3.24,0.685,0.613,1793
2022-02-21,8.89,686.0,0.75,3.78,0.717,0.71,2643
2022-02-22,7.49,580.0,0.782,3.4,0.575,0.716,2927
2022-02-23,8.58,574.0,0.693,3.67,0.598,0.61,3059
2022-02-24,7.5,628.0,0.779,3.56,0.675,0.617,2925
2022-02-25,9.53,556.0,0.723,3.61,0.573,0.769,3003
2022-02-26,9.25,622.0,0.688,3.55,0.472,0.723,1712
2022-02-27,7.27,646.0,0.704,3.04,0.472,0.594,1964
2022-02-28,8.52,670.0,0.631,3.22,0.535,0.705,2750
2022-03-01,8.22,604.0,0.753,3.28,0.376,0.639,3147
2022-03-02,8.97,600.0,0.642,3.84,0.485,0.741,2865
2022-03-03,6.66,567.0,0.772,3.06,0.603,0.624,3225
2022-03-04,8.34,571.0,0.72,3.82,0.268,0.655,3000
2022-03-05,8.73,602.0,0.759,3.76,0.634,0.821,1971
2022-03-06,5.94,632.0,0.766,2.6,0.587,0.625,2314
2022-03-07,6.54,660.0,0.753,3.5,0.422,0.583,2896
2022-03-08,5.7,576.0,0.823,3.38,0.517,0.611,3747
2022-03-09,7.49,691.0,0.767,3.2,0.456,0.598,3271
2022-03-10,8.5,604.0,0.746,3.83,0.572,0.789,2759
2022-03-11,9.3,617.0,0.737,3.6,0.541,0.696,3251
2022-03-12,7.89,582.0,0.665,3.61,0.297,0.582,2347
2022-03-13,9.47,499.0,0.749,3.51,0.489,0.64,2203
2022-03-14,6.47,666.0,0.801,2.76,0.403,0.63,3728
2022-03-15,6.17,659.0,0.726,3.12,0.425,0.613,3674
2022-03-16,7.83,609.0,0.731,3.53,0.338,0.577,3615
2022-03-17,8.28,628.0,0.732,3.54,0.579,0.693,3499
2022-03-18,7.88,651.0,0.736,3.22,0.501,0.561,3528
2022-03-19,5.85,548.0,0.8,3.05,0.316,0.548,2966
2022-03-20,7.84,601.0,0.815,3.65,0.25,0.608,2304
2022-03-21,6.64,668.0,0.821,3.31,0.338,0.652,3796
2022-03-22,8.62,567.0,0.662,3.78,0.414,0.603,3634
2022-03-23,8.33,645.0,0.765,3.46,0.387,0.563,3919
2022-03-24,7.03,564.0,0.826,3.76,0.482,0.563,3625
2022-03-25,7.46,656.0,0.77,3.14,0.429,0.543,3488
2022-03-26,6.92,632.0,0.816,3.53,0.44,0.663,2677
2022-03-27,7.93,554.0,0.842,3.94,0.369,0.689,2716
2022-03-28,8.95,694.0,0.772,3.93,0.19,0.622,4278
2022-03-29,7.01,600.0,0.772,3.34,0.303,0.632,3736
2022-03-30,8.5,597.0,0.782,3.54,0.421,0.646,4147
2022-03-31,7.47,649.0,0.758,3.8,0.303,0.58,4535
2022-04-01,7.21,697.0,0.757,3.01,0.352,0.57,4014
2022-04-02,7.89,590.0,0.725,3.29,0.263,0.574,2580
2022-04-03,6.96,645.0,0.839,3.27,0.185,0.469,2956
2022-04-04,7.44,664.0,0.71,3.86,0.269,0.59,4182
2022-04-05,6.8,679.0,0.841,3.47,0.305,0.563,4403
2022-04-06,9.95,654.0,0.726,3.7,0.202,0.676,4052
2022-04-07,8.02,628.0,0.67,3.51,0.237,0.593,4553
2022-04-08,7.28,606.0,0.773,3.27,0.16,0.542,4178
2022-04-09,8.19,652.0,0.631,3.42,0.359,0.574,2551
2022-04-10,7.85,595.0,0.774,3.86,0.211,0.581,3283
2022-04-11,7.74,504.0,0.79,3.14,0.378,0.645,3862
2022-04-12,8.56,673.0,0.699,4.2,0.379,0.576,4297
2022-04-13,8.7,697.0,0.732,3.99,0.212,0.608,5081
2022-04-14,7.4,535.0,0.85,3.81,0.112,0.556,4620
2022-04-15,7.34,604.0,0.728,3.33,0.0,0.484,4468
2022-04-16,7.63,686.0,0.694,3.48,0.052,0.51,3270
2022-04-17,5.59,759.0,0.862,2.69,0.055,0.49,3458
2022-04-18,6.36,658.0,0.871,3.11,0.324,0.499,4758
2022-04-19,9.23,622.0,0.716,3.99,0.191,0.633,4730
2022-04-20,9.49,650.0,0.761,4.29,0.212,0.582,4449
2022-04-21,7.58,729.0,0.815,3.18,0.0,0.581,5231
2022-04-22,8.39,629.0,0.695,3.57,0.04,0.677,4809
2022-04-23,8.1,622.0,0.714,3.58,0.242,0.549,3443
2022-04-24,10.0,639.0,0.762,3.58,0.176,0.662,3151
2022-04-25,8.87,616.0,0.807,3.95,0.126,0.555,5148
2022-04-26,7.6,671.0,0.776,3.3,0.191,0.618,4843
2022-04-27,6.75,747.0,0.721,3.29,0.292,0.498,4989
2022-04-28,6.08,683.0,0.878,3.08,0.1,0.526,4945
2022-04-29,7.87,655.0,0.716,3.34,0.123,0.517,4812
2022-04-30,6.88,654.0,0.746,3.37,0.129,0.522,3699
2022-05-01,6.19,591.0,0.793,3.17,0.343,0.503,3425
2022-05-02,6.94,714.0,0.839,3.28,0.0,0.549,5072
2022-05-03,6.48,667.0,0.813,3.08,0.16,0.485,5078
2022-05-04,9.22,663.0,0.736,3.94,0.075,0.619,5240
2022-05-05,8.39,833.0,0.755,4.17,0.137,0.562,5061
2022-05-06,7.47,689.0,0.753,3.54,0.009,0.52,5267
2022-05-07,8.93,637.0,0.749,4.08,0.064,0.588,3637
2022-05-08,7.5,654.0,0.624,3.08,0.135,0.514,3246
2022-05-09,6.53,734.0,0.755,3.35,0.369,0.58,4906
2022-05-10,8.88,683.0,0.734,3.45,0.133,0.67,5283
2022-05-11,7.86,606.0,0.685,3.13,0.0,0.497,5219
2022-05-12,6.25,725.0,0.794,3.03,0.0,0.546,5708
2022-05-13,7.07,646.0,0.748,3.77,0.0,0.587,5635
2022-05-14,6.35,774.0,0.861,3.55,0.0,0.45,4144
2022-05-15,5.81,735.0,0.863,3.23,0.0,0.401,4409
2022-05-16,8.08,659.0,0.715,3.16,0.095,0.576,5405
2022-05-17,9.03,747.0,0.712,3.75,0.0,0.543,5622
2022-05-18,5.68,687.0,0.783,3.23,0.117,0.587,5445
2022-05-19,7.61,727.0,0.725,3.57,0.056,0.541,6044
2022-05-20,6.35,709.0,0.783,2.72,0.0,0.45,6098
2022-05-21,6.48,643.0,0.733,3.03,0.0,0.437,4020
2022-05-22,6.33,654.0,0.717,3.25,0.153,0.575,3975
2022-05-23,6.02,738.0,0.811,3.37,0.062,0.465,6026
2022-05-24,6.89,671.0,0.794,2.72,0.0,0.509,5709
2022-05-25,5.97,668.0,0.74,3.15,0.0,0.527,5620
2022-05-26,7.03,641.0,0.804,3.45,0.0,0.487,5955
2022-05-27,6.67,710.0,0.735,3.59,0.0,0.498,5800
2022-05-28,6.44,793.0,0.784,3.5,0.0,0.492,4181
2022-05-29,5.73,637.0,0.826,3.32,0.169,0.54,3897
2022-05-30,6.02,692.0,0.778,2.96,0.0,0.51,5524
2022-05-31,7.3,762.0,0.777,2.89,0.0,0.508,5907
2022-06-01,7.0,688.0,0.734,3.28,0.0,0.513,6027
2022-06-02,5.48,715.0,0.781,3.4,0.0,0.446,5918
2022-06-03,6.51,640.0,0.759,3.72,0.0,0.422,6218
2022-06-04,7.12,715.0,0.72,3.64,0.0,0.526,3999
2022-06-05,4.65,685.0,0.798,3.06,0.169,0.568,3945
2022-06-06,6.82,744.0,0.686,3.48,0.0,0.46,5919
2022-06-07,5.57,754.0,0.764,2.95,0.0,0.428,6020
2022-06-08,6.75,825.0,0.751,3.31,0.0,0.459,6162
2022-06-09,5.37,725.0,0.78,3.57,0.058,0.509,5852
2022-06-10,4.28,712.0,0.802,2.57,0.0,0.451,6386
2022-06-11,4.41,706.0,0.809,3.37,0.0,0.424,4759
2022-06-12,6.04,679.0,0.803,3.11,0.048,0.445,4276
2022-06-13,6.2,714.0,0.82,3.64,0.0,0.491,6329
2022-06-14,4.99,683.0,0.768,2.58,0.0,0.371,5929
2022-06-15,6.48,706.0,0.71,3.47,0.0,0.502,6244
2022-06-16,4.13,764.0,0.765,2.6,0.154,0.498,6281
2022-06-17,5.67,648.0,0.762,2.71,0.131,0.434,6218
2022-06-18,4.48,755.0,0.793,2.96,0.0,0.358,4432
2022-06-19,4.99,764.0,0.762,3.3,0.072,0.543,3711
2022-06-20,5.64,693.0,0.722,2.87,0.0,0.439,5991
2022-06-21,4.68,593.0,0.784,2.49,0.0,0.497,6016
2022-06-22,5.1,669.0,0.807,2.99,0.0,0.445,5986
2022-06-23,6.44,764.0,0.801,3.26,0.0,0.485,6171
2022-06-24,4.81,698.0,0.776,3.13,0.0,0.466,6098
2022-06-25,6.17,650.0,0.756,3.52,0.0,0.441,4173
2022-06-26,4.15,674.0,0.771,2.81,0.009,0.433,4200
2022-06-27,5.76,742.0,0.783,3.71,0.0,0.454,6037
2022-06-28,6.62,727.0,0.725,3.39,0.0,0.433,6357
2022-06-29,2.66,688.0,0.876,2.43,0.013,0.399,6195
2022-06-30,4.28,682.0,0.725,2.37,0.0,0.415,6100
2022-07-01,5.6,680.0,0.77,3.04,0.0,0.46,6077
2022-07-02,4.77,654.0,0.82,2.85,0.0,0.383,4512
2022-07-03,5.29,781.0,0.803,3.35,0.0,0.538,4474
2022-07-04,4.27,684.0,0.949,2.99,0.0,0.472,5684
2022-07-05,4.91,761.0,0.819,2.63,0.0,0.495,6417
2022-07-06,4.61,776.0,0.758,2.97,0.0,0.423,6508
2022-07-07,5.88,750.0,0.778,3.38,0.0,0.39,5988
2022-07-08,4.92,678.0,0.713,3.44,0.0,0.545,5920
2022-07-09,4.95,720.0,0.797,3.26,0.0,0.445,4315
2022-07-10,4.15,698.0,0.775,3.06,0.0,0.387,4283
2022-07-11,4.02,654.0,0.865,2.82,0.0,0.442,6286
2022-07-12,4.03,715.0,0.792,2.92,0.011,0.481,5801
2022-07-13,4.8,640.0,0.798,3.34,0.0,0.443,5946
2022-07-14,3.94,758.0,0.789,2.39,0.0,0.482,6501
2022-07-15,4.6,675.0,0.895,2.81,0.0,0.492,6013
2022-07-16,6.33,708.0,0.757,3.04,0.0,0.436,4565
2022-07-17,5.08,712.0,0.89,3.13,0.0,0.419,4494
2022-07-18,3.83,685.0,0.864,3.14,0.077,0.478,5790
2022-07-19,5.31,727.0,0.818,2.88,0.0,0.324,6311
2022-07-20,3.65,673.0,0.845,2.01,0.0,0.402,6172
2022-07-21,1.97,740.0,0.88,2.27,0.0,0.288,6222
2022-07-22,2.96,629.0,0.745,2.87,0.0,0.365,6201
2022-07-23,2.04,702.0,0.845,2.57,0.0,0.346,4572
2022-07-24,3.52,793.0,0.872,2.83,0.0,0.388,4582
2022-07-25,3.84,645.0,0.821,2.68,0.0,0.388,6359
2022-07-26,5.45,661.0,0.721,2.71,0.0,0.409,6089
2022-07-27,4.05,720.0,0.816,2.96,0.0,0.536,5770
2022-07-28,3.46,703.0,0.916,2.44,0.045,0.506,5991
2022-07-29,4.46,711.0,0.873,3.55,0.0,0.376,6685
2022-07-30,1.38,717.0,0.869,2.45,0.095,0.439,4509
2022-07-31,3.78,724.0,0.872,2.58,0.0,0.393,4825
2022-08-01,4.27,747.0,0.796,2.67,0.0,0.434,6282
2022-08-02,1.97,712.0,0.775,2.37,0.0,0.356,6118
2022-08-03,4.55,679.0,0.763,2.84,0.0,0.404,6005
2022-08-04,3.7,724.0,0.904,3.08,0.06,0.472,5968
2022-08-05,2.91,785.0,0.828,2.64,0.201,0.434,5554
2022-08-06,3.91,683.0,0.81,2.56,0.0,0.394,4242
2022-08-07,5.51,640.0,0.775,3.67,0.027,0.405,4376
2022-08-08,3.38,743.0,0.928,2.69,0.0,0.357,5886
2022-08-09,3.4,681.0,0.913,2.91,0.0,0.32,6064
2022-08-10,2.65,578.0,0.958,2.35,0.0,0.38,6132
2022-08-11,2.22,728.0,0.848,2.55,0.0,0.307,5778
2022-08-12,3.86,659.0,0.837,2.87,0.0,0.403,5743
2022-08-13,2.14,680.0,0.781,1.86,0.173,0.467,3863
2022-08-14,3.03,701.0,0.913,3.21,0.0,0.451,4024
2022-08-15,2.44,693.0,0.793,2.88,0.0,0.372,5552
2022-08-16,3.36,718.0,0.844,2.55,0.105,0.418,5540
2022-08-17,3.18,660.0,0.782,2.31,0.0,0.489,5968
2022-08-18,3.85,707.0,0.794,2.87,0.0,0.442,5494
2022-08-19,2.27,667.0,0.813,2.48,0.038,0.359,5742
2022-08-20,2.47,716.0,0.82,2.6,0.14,0.331,3946
2022-08-21,1.73,709.0,0.838,2.4,0.092,0.39,4296
2022-08-22,2.23,631.0,0.828,2.6,0.072,0.423,5868
2022-08-23,3.02,731.0,0.881,3.04,0.06,0.371,5804
2022-08-24,3.37,650.0,0.777,2.84,0.098,0.435,5544
2022-08-25,1.66,716.0,0.878,2.02,0.084,0.348,5569
2022-08-26,3.42,693.0,0.892,3.09,0.0,0.393,5325
2022-08-27,3.88,766.0,0.797,3.27,0.079,0.308,4310
2022-08-28,2.91,662.0,0.806,3.53,0.0,0.376,3777
2022-08-29,4.34,655.0,0.802,2.53,0.094,0.498,5449
2022-08-30,1.66,670.0,0.926,2.41,0.044,0.327,5741
2022-08-31,1.17,655.0,0.886,1.61,0.352,0.408,5197
2022-09-01,0.61,709.0,0.861,2.29,0.1,0.3,5673
2022-09-02,3.86,588.0,0.847,2.61,0.0,0.434,5459
2022-09-03,2.99,615.0,0.785,3.18,0.103,0.399,4079
2022-09-04,2.26,613.0,0.889,2.22,0.174,0.356,3676
2022-09-05,2.57,713.0,0.869,2.01,0.296,0.503,4865
2022-09-06,1.14,750.0,0.862,2.09,0.076,0.396,5193
2022-09-07,4.69,659.0,0.764,2.35,0.0,0.411,5166
2022-09-08,2.36,654.0,0.809,2.7,0.229,0.441,5072
2022-09-09,2.32,665.0,0.88,1.84,0.016,0.4,5115
2022-09-10,2.92,719.0,0.903,2.59,0.117,0.443,3271
2022-09-11,2.65,614.0,0.815,1.91,0.141,0.323,3705
2022-09-12,2.38,671.0,0.875,2.38,0.166,0.455,5400
2022-09-13,1.35,707.0,0.769,2.76,0.249,0.362,5050
2022-09-14,2.6,682.0,0.819,2.63,0.118,0.384,5089
2022-09-15,3.99,666.0,0.819,2.54,0.166,0.585,4902
2022-09-16,3.44,705.0,0.786,2.68,0.198,0.458,4879
2022-09-17,3.68,519.0,0.78,2.74,0.221,0.435,3520
2022-09-18,1.56,687.0,0.835,2.45,0.223,0.281,3577
2022-09-19,1.07,619.0,0.893,1.8,0.263,0.454,4724
2022-09-20,1.93,560.0,0.852,2.56,0.311,0.353,4555
2022-09-21,2.1,676.0,0.746,1.61,0.272,0.367,4613
2022-09-22,3.13,718.0,0.731,2.44,0.285,0.434,4631
2022-09-23,0.33,641.0,0.863,1.92,0.089,0.399,4722
2022-09-24,3.55,695.0,0.852,2.9,0.259,0.497,3279
2022-09-25,1.86,727.0,0.725,2.38,0.308,0.409,3286
2022-09-26,1.58,711.0,0.843,1.89,0.34,0.431,4687
2022-09-27,0.99,726.0,0.854,1.9,0.205,0.341,4876
2022-09-28,0.35,680.0,0.962,2.13,0.215,0.36,4655
2022-09-29,2.82,646.0,0.824,2.54,0.231,0.435,4160
2022-09-30,2.07,561.0,0.878,2.24,0.348,0.48,4276
2022-10-01,0.71,627.0,0.893,2.0,0.405,0.451,3111
2022-10-02,0.71,597.0,0.779,2.35,0.268,0.399,2739
2022-10-03,1.67,746.0,0.905,2.18,0.406,0.413,4591
2022-10-04,3.67,628.0,0.837,2.71,0.335,0.514,4188
2022-10-05,1.75,642.0,0.89,3.0,0.317,0.411,4342
2022-10-06,0.51,662.0,1.0,1.67,0.315,0.324,4640
2022-10-07,1.77,636.0,0.76,1.8,0.418,0.417,3959
2022-10-08,1.75,717.0,0.951,2.59,0.382,0.433,3100
2022-10-09,0.0,600.0,0.886,1.8,0.584,0.462,2825
2022-10-10,1.98,640.0,0.875,2.3,0.278,0.406,4082
2022-10-11,1.82,592.0,0.861,2.13,0.422,0.378,3861
2022-10-12,2.75,562.0,0.824,2.47,0.324,0.45,4286
2022-10-13,3.92,597.0,0.793,3.26,0.297,0.482,3805
2022-10-14,3.2,625.0,0.852,2.88,0.389,0.483,3999
2022-10-15,1.82,604.0,0.788,2.62,0.411,0.483,2320
2022-10-16,1.0,590.0,0.918,1.77,0.696,0.52,2840
2022-10-17,4.69,553.0,0.785,2.59,0.392,0.489,3884
2022-10-18,2.19,618.0,0.8,1.59,0.304,0.396,3840
2022-10-19,2.16,546.0,0.834,2.19,0.451,0.403,3673
2022-10-20,2.14,658.0,0.92,2.71,0.223,0.444,3933
2022-10-21,2.38,624.0,0.826,2.63,0.427,0.529,4083
2022-10-22,2.05,546.0,0.877,2.34,0.445,0.435,2226
2022-10-23,1.64,602.0,0.831,2.32,0.529,0.443,2670
2022-10-24,1.69,579.0,0.904,2.13,0.553,0.535,3343
2022-10-25,2.22,632.0,0.89,2.51,0.412,0.474,3575
2022-10-26,1.74,682.0,0.958,2.58,0.453,0.465,3543
2022-10-27,1.59,520.0,0.859,1.83,0.398,0.368,3468
2022-10-28,2.43,619.0,0.885,2.58,0.368,0.48,3501
2022-10-29,2.09,604.0,0.863,2.7,0.518,0.42,2186
2022-10-30,3.88,645.0,0.887,2.65,0.366,0.433,2638
2022-10-31,0.0,621.0,0.864,2.21,0.458,0.374,3123
2022-11-01,3.52,572.0,0.867,3.55,0.405,0.457,3442
2022-11-02,3.7,592.0,0.816,2.71,0.566,0.513,3113
2022-11-03,0.4,568.0,0.889,2.2,0.697,0.379,3036
2022-11-04,2.16,660.0,0.861,2.21,0.392,0.491,3344
2022-11-05,2.16,607.0,0.869,2.49,0.343,0.49,2033
2022-11-06,1.16,700.0,0.871,2.37,0.521,0.342,2355
2022-11-07,1.82,601.0,0.874,2.42,0.541,0.512,2866
2022-11-08,1.52,568.0,0.949,2.0,0.567,0.418,3282
2022-11-09,4.41,527.0,0.861,2.94,0.506,0.576,2809
2022-11-10,3.63,512.0,0.871,3.16,0.535,0.512,2916
2022-11-11,4.0,522.0,0.797,2.93,0.598,0.541,2953
2022-11-12,3.48,613.0,0.786,2.98,0.67,0.529,1812
2022-11-13,1.66,625.0,0.914,2.26,0.376,0.486,2224
2022-11-14,2.3,520.0,0.898,2.69,0.539,0.415,2702
2022-11-15,3.35,643.0,0.907,2.75,0.602,0.552,3020
2022-11-16,1.68,573.0,0.836,2.05,0.494,0.504,3300
2022-11-17,3.65,604.0,0.815,2.83,0.764,0.598,3248
2022-11-18,2.74,676.0,0.763,2.25,0.532,0.605,2816
2022-11-19,2.64,640.0,0.828,2.34,0.596,0.472,2128
2022-11-20,3.77,581.0,0.875,2.81,0.66,0.593,1498
2022-11-21,3.54,549.0,0.806,2.8,0.55,0.511,3038
2022-11-22,2.77,485.0,0.877,2.2,0.429,0.531,2971
2022-11-23,4.33,556.0,0.804,3.18,0.575,0.545,2552
2022-11-24,2.13,581.0,0.874,2.6,0.725,0.49,2931
2022-11-25,3.87,542.0,0.765,2.56,0.592,0.6,2522
2022-11-26,3.89,584.0,0.826,2.32,0.545,0.501,1750
2022-11-27,3.03,594.0,0.69,2.56,0.726,0.466,1808
2022-11-28,3.71,578.0,0.816,2.61,0.604,0.506,2377
2022-11-29,2.18,556.0,0.775,2.47,0.59,0.514,2803
2022-11-30,4.4,597.0,0.872,2.77,0.659,0.633,2279
2022-12-01,3.33,610.0,0.872,2.06,0.725,0.551,2300
2022-12-02,3.04,533.0,0.863,2.49,0.889,0.635,2185
2022-12-03,4.66,657.0,0.883,2.84,0.737,0.519,1832
2022-12-04,2.95,581.0,0.794,2.78,0.774,0.521,1519
2022-12-05,2.29,587.0,0.942,2.25,0.61,0.476,2331
2022-12-06,2.19,621.0,0.903,2.94,0.561,0.472,2483
2022-12-07,4.4,597.0,0.8,2.31,0.673,0.571,2367
2022-12-08,2.56,632.0,0.906,2.91,0.68,0.547,2246
2022-12-09,5.65,599.0,0.732,3.06,0.564,0.56,2107
2022-12-10,1.86,553.0,0.822,2.63,0.657,0.494,2123
2022-12-11,5.68,602.0,0.756,3.16,0.716,0.612,1306
2022-12-12,4.25,526.0,0.789,3.19,0.715,0.524,2235
2022-12-13,3.99,588.0,0.767,2.68,0.731,0.56,2204
2022-12-14,3.59,581.0,0.889,2.39,0.712,0.543,2272
2022-12-15,4.58,572.0,0.795,3.34,0.634,0.556,2427
2022-12-16,4.2,576.0,0.834,2.81,0.635,0.555,2515
2022-12-17,5.39,488.0,0.764,3.14,0.569,0.579,1457
2022-12-18,4.45,554.0,0.72,3.26,0.869,0.586,1133
2022-12-19,4.53,586.0,0.823,2.6,0.693,0.638,2483
2022-12-20,4.07,589.0,0.723,2.99,0.67,0.498,2235
2022-12-21,4.43,530.0,0.808,2.71,0.601,0.517,2642
2022-12-22,4.84,644.0,0.735,2.93,0.989,0.782,1516
2022-12-23,2.88,537.0,0.942,2.6,0.589,0.452,2472
2022-12-24,3.29,629.0,0.88,2.21,0.654,0.462,2027
2022-12-25,5.43,602.0,0.797,2.85,0.739,0.648,1342
2022-12-26,4.91,548.0,0.865,3.39,0.759,0.495,2178
2022-12-27,4.61,669.0,0.765,3.19,0.795,0.585,2209
2022-12-28,4.86,520.0,0.83,2.95,0.88,0.729,1931
2022-12-29,5.24,626.0,0.805,3.12,0.75,0.53,2121
2022-12-30,4.41,630.0,0.825,2.79,0.594,0.452,2260
2022-12-31,4.22,546.0,0.879,3.25,0.674,0.487,1444
2023-01-01,5.25,650.0,0.832,2.99,0.731,0.648,1689
2023-01-02,4.12,568.0,0.832,2.89,0.907,0.661,2181
2023-01-03,5.56,595.0,0.706,3.46,0.56,0.553,2256
2023-01-04,3.5,593.0,0.782,2.47,0.819,0.603,2319
2023-01-05,6.29,574.0,0.768,3.73,0.717,0.701,2025
2023-01-06,5.78,621.0,0.789,2.7,0.782,0.719,1921
2023-01-07,5.62,620.0,0.731,3.61,0.687,0.594,1308
2023-01-08,6.39,493.0,0.893,3.17,0.612,0.499,1539
2023-01-09,7.13,646.0,0.833,3.35,0.77,0.627,1905
2023-01-10,6.53,498.0,0.8,2.74,0.76,0.626,1999
2023-01-11,3.72,633.0,0.829,2.61,0.79,0.557,2140
2023-01-12,4.34,638.0,0.803,2.56,0.69,0.559,2693
2023-01-13,5.04,527.0,0.752,2.83,0.63,0.633,1651
2023-01-14,5.74,561.0,0.789,3.11,0.533,0.642,1491
2023-01-15,6.28,527.0,0.787,3.54,0.769,0.634,1739
2023-01-16,5.09,572.0,0.736,3.08,0.727,0.653,2196
2023-01-17,6.05,567.0,0.796,3.3,0.586,0.617,2417
2023-01-18,5.16,622.0,0.789,2.7,0.627,0.583,2322
2023-01-19,5.35,649.0,0.698,2.81,0.632,0.632,2110
2023-01-20,4.61,653.0,0.765,3.46,0.528,0.547,1949
2023-01-21,5.14,556.0,0.777,2.81,0.592,0.676,1581
2023-01-22,4.76,574.0,0.899,3.45,0.558,0.482,1563
2023-01-23,5.18,500.0,0.824,2.96,0.628,0.555,2199
2023-01-24,7.26,545.0,0.688,3.45,0.592,0.63,2138
2023-01-25,5.3,634.0,0.818,3.38,0.501,0.581,2807
2023-01-26,8.93,667.0,0.644,4.17,0.863,0.804,2492
2023-01-27,6.84,525.0,0.817,3.33,0.783,0.66,2287
2023-01-28,6.58,557.0,0.745,3.2,0.577,0.541,1512
2023-01-29,5.58,586.0,0.784,3.1,0.678,0.645,1342
2023-01-30,7.18,602.0,0.823,3.54,0.69,0.691,2423
2023-01-31,5.95,548.0,0.717,3.46,0.763,0.534,2700
2023-02-01,6.69,610.0,0.696,3.34,0.559,0.612,2361
2023-02-02,9.17,566.0,0.687,4.02,0.746,0.645,1757
2023-02-03,6.56,589.0,0.821,3.8,0.579,0.579,2643
2023-02-04,7.85,618.0,0.667,3.68,0.496,0.59,1836
2023-02-05,6.04,591.0,0.638,3.3,0.698,0.661,1239
2023-02-06,6.75,570.0,0.742,2.89,0.751,0.658,2432
2023-02-07,8.6,587.0,0.756,2.93,0.876,0.669,2393
2023-02-08,6.24,589.0,0.835,3.36,0.493,0.63,2625
2023-02-09,8.72,575.0,0.702,3.72,0.679,0.626,2267
2023-02-10,7.65,581.0,0.726,3.38,0.563,0.659,2737
2023-02-11,6.42,675.0,0.829,3.36,0.678,0.588,1697
2023-02-12,7.66,624.0,0.653,3.51,0.448,0.601,1469
2023-02-13,8.03,582.0,0.72,3.95,0.464,0.659,2221
2023-02-14,7.72,632.0,0.755,3.57,0.508,0.659,2920
2023-02-15,5.56,581.0,0.811,2.89,0.589,0.652,2858
2023-02-16,6.44,657.0,0.746,3.59,0.512,0.592,2793
2023-02-17,6.96,618.0,0.763,3.33,0.637,0.651,2609
2023-02-18,7.17,595.0,0.632,3.59,0.669,0.627,1631
2023-02-19,7.9,623.0,0.709,3.44,0.621,0.67,1567
2023-02-20,7.49,523.0,0.773,3.3,0.717,0.69,2595
2023-02-21,6.01,546.0,0.731,3.23,0.592,0.594,2411
2023-02-22,7.75,544.0,0.748,3.55,0.423,0.527,2779
2023-02-23,8.01,611.0,0.762,3.75,0.676,0.692,2709
2023-02-24,7.99,692.0,0.723,3.52,0.473,0.653,3032
2023-02-25,8.55,717.0,0.738,3.16,0.619,0.646,1901
2023-02-26,8.33,639.0,0.685,3.54,0.68,0.622,2030
2023-02-27,7.98,633.0,0.73,3.83,0.562,0.726,3175
2023-02-28,7.48,518.0,0.781,3.41,0.361,0.621,3303
2023-03-01,5.92,582.0,0.79,3.11,0.413,0.549,3279
2023-03-02,8.03,571.0,0.71,3.9,0.631,0.61,2975
2023-03-03,7.84,580.0,0.755,3.35,0.476,0.589,2919
2023-03-04,7.92,604.0,0.777,3.12,0.495,0.702,2242
2023-03-05,6.4,589.0,0.67,3.23,0.557,0.61,2444
2023-03-06,6.62,515.0,0.826,3.18,0.544,0.58,3295
2023-03-07,8.77,652.0,0.708,3.46,0.496,0.688,3523
2023-03-08,7.7,562.0,0.767,3.49,0.441,0.579,2977
2023-03-09,8.44,629.0,0.791,3.84,0.425,0.713,3038
2023-03-10,7.81,721.0,0.675,3.56,0.535,0.709,3394
2023-03-11,7.83,573.0,0.708,3.66,0.498,0.611,2281
2023-03-12,8.76,493.0,0.71,4.3,0.411,0.613,2512
2023-03-13,7.32,606.0,0.714,3.36,0.538,0.496,3402
2023-03-14,7.95,677.0,0.828,3.67,0.411,0.547,3356
2023-03-15,7.41,720.0,0.709,3.33,0.332,0.522,3532
2023-03-16,7.45,562.0,0.723,3.24,0.335,0.597,3240
2023-03-17,7.59,649.0,0.758,3.34,0.306,0.573,3406
2023-03-18,8.13,602.0,0.677,3.48,0.37,0.551,2638
2023-03-19,7.44,621.0,0.731,3.6,0.514,0.612,2594
2023-03-20,9.19,760.0,0.732,4.54,0.303,0.662,3721
2023-03-21,7.05,553.0,0.742,3.2,0.396,0.617,3335
2023-03-22,7.77,642.0,0.74,3.43,0.305,0.499,3725
2023-03-23,7.52,654.0,0.723,3.49,0.337,0.587,3532
2023-03-24,9.42,686.0,0.636,4.0,0.206,0.554,4028
2023-03-25,8.17,637.0,0.753,3.71,0.328,0.656,2498
2023-03-26,9.01,649.0,0.807,4.19,0.324,0.674,2419
2023-03-27,6.5,615.0,0.771,2.57,0.39,0.528,3950
2023-03-28,8.26,649.0,0.746,2.94,0.352,0.58,3787
2023-03-29,8.88,619.0,0.757,3.63,0.203,0.584,4297
2023-03-30,8.08,669.0,0.675,3.95,0.424,0.515,3794
2023-03-31,9.06,620.0,0.804,3.34,0.33,0.655,3708
2023-04-01,7.48,659.0,0.76,2.59,0.322,0.575,2400
2023-04-02,9.41,639.0,0.793,4.05,0.294,0.69,2769
2023-04-03,10.0,698.0,0.663,4.07,0.236,0.592,3958
2023-04-04,7.63,640.0,0.838,3.2,0.303,0.559,3942
2023-04-05,7.55,555.0,0.788,3.21,0.322,0.515,4465
2023-04-06,9.44,708.0,0.739,3.6,0.093,0.552,4441
2023-04-07,9.56,601.0,0.72,3.95,0.207,0.569,4234
2023-04-08,7.46,614.0,0.738,3.3,0.228,0.619,3265
2023-04-09,7.55,618.0,0.809,3.66,0.272,0.546,3186
2023-04-10,7.68,718.0,0.753,2.68,0.359,0.609,4172
2023-04-11,6.61,543.0,0.669,3.07,0.156,0.511,4255
2023-04-12,7.03,808.0,0.704,3.07,0.177,0.483,4715
2023-04-13,6.93,705.0,0.752,3.31,0.168,0.533,4652
2023-04-14,7.16,664.0,0.772,3.27,0.133,0.571,4635
2023-04-15,7.88,651.0,0.74,3.82,0.171,0.51,3039
2023-04-16,8.14,669.0,0.798,3.07,0.277,0.64,3272
2023-04-17,9.44,682.0,0.614,3.9,0.087,0.558,4423
2023-04-18,6.88,689.0,0.77,3.54,0.229,0.528,4682
2023-04-19,8.85,686.0,0.632,4.33,0.009,0.594,4976
2023-04-20,7.63,664.0,0.785,3.38,0.117,0.519,4669
2023-04-21,7.78,650.0,0.74,3.65,0.134,0.562,4460
2023-04-22,8.49,653.0,0.751,3.16,0.328,0.604,3016
2023-04-23,6.67,652.0,0.723,2.62,0.126,0.532,3615
2023-04-24,8.16,720.0,0.801,3.88,0.0,0.426,5067
2023-04-25,7.92,694.0,0.794,3.58,0.0,0.446,5009
2023-04-26,8.22,518.0,0.765,4.0,0.138,0.605,4770
2023-04-27,8.0,699.0,0.734,3.19,0.19,0.63,4988
2023-04-28,10.0,676.0,0.729,4.16,0.16,0.586,4715
2023-04-29,7.03,667.0,0.724,3.97,0.133,0.525,3588
2023-04-30,7.11,649.0,0.801,3.55,0.226,0.573,3366
2023-05-01,6.99,726.0,0.843,3.48,0.05,0.554,5012
2023-05-02,7.03,718.0,0.813,3.41,0.188,0.447,5047
2023-05-03,6.93,633.0,0.725,2.91,0.0,0.463,5156
2023-05-04,8.72,692.0,0.744,4.15,0.0,0.545,5182
2023-05-05,8.93,624.0,0.657,3.6,0.0,0.603,5179
2023-05-06,6.91,605.0,0.79,3.53,0.047,0.642,2940
2023-05-07,6.62,643.0,0.79,2.85,0.064,0.5,3598
2023-05-08,7.89,719.0,0.649,3.22,0.075,0.481,5187
2023-05-09,6.84,724.0,0.705,3.8,0.064,0.538,5635
2023-05-10,7.99,703.0,0.726,3.49,0.0,0.606,5119
2023-05-11,7.53,714.0,0.734,3.94,0.028,0.537,5425
2023-05-12,5.78,705.0,0.724,3.13,0.0,0.428,5819
2023-05-13,8.81,647.0,0.743,3.21,0.173,0.647,3398
2023-05-14,9.02,702.0,0.732,4.07,0.001,0.604,3858
2023-05-15,6.58,721.0,0.759,3.14,0.0,0.446,5418
2023-05-16,6.77,719.0,0.727,3.56,0.18,0.558,5343
2023-05-17,7.4,742.0,0.804,3.49,0.0,0.572,5414
2023-05-18,7.41,719.0,0.834,3.02,0.0,0.582,5456
2023-05-19,7.7,702.0,0.722,3.59,0.0,0.528,6121
2023-05-20,9.01,738.0,0.689,4.46,0.0,0.553,4047
2023-05-21,6.79,684.0,0.789,3.51,0.041,0.573,4190
2023-05-22,6.13,642.0,0.76,3.21,0.067,0.437,5794
2023-05-23,5.51,679.0,0.783,3.42,0.246,0.536,5302
2023-05-24,6.11,650.0,0.815,3.29,0.0,0.415,5885
2023-05-25,6.77,654.0,0.669,3.42,0.041,0.565,5868
2023-05-26,8.56,681.0,0.795,3.38,0.0,0.544,5544
2023-05-27,6.2,650.0,0.78,3.31,0.0,0.55,4278
2023-05-28,6.9,674.0,0.741,3.69,0.0,0.532,4210
2023-05-29,6.62,596.0,0.763,3.07,0.0,0.437,6206
2023-05-30,7.78,702.0,0.743,3.98,0.129,0.631,5603
2023-05-31,9.08,691.0,0.632,3.79,0.042,0.658,5420
2023-06-01,5.97,651.0,0.855,2.93,0.0,0.523,5854
2023-06-02,5.97,725.0,0.783,3.49,0.086,0.458,6191
2023-06-03,7.46,740.0,0.773,3.41,0.0,0.508,3793
2023-06-04,7.05,613.0,0.807,3.64,0.0,0.519,3754
2023-06-05,8.17,656.0,0.686,3.55,0.0,0.51,5858
2023-06-06,6.86,656.0,0.786,3.35,0.0,0.59,5823
2023-06-07,5.87,648.0,0.769,3.32,0.0,0.483,5988
2023-06-08,6.77,737.0,0.807,3.44,0.0,0.368,6244
2023-06-09,7.24,686.0,0.649,2.85,0.0,0.534,5786
2023-06-10,6.91,683.0,0.757,3.04,0.0,0.49,3852
2023-06-11,6.54,596.0,0.739,3.59,0.005,0.494,4623
2023-06-12,7.05,728.0,0.781,3.37,0.0,0.493,5827
2023-06-13,7.11,635.0,0.781,3.26,0.0,0.554,5780
2023-06-14,7.27,700.0,0.719,3.05,0.0,0.574,6191
2023-06-15,6.49,711.0,0.735,2.97,0.0,0.509,5962
2023-06-16,5.62,766.0,0.782,2.52,0.0,0.452,6118
2023-06-17,5.89,633.0,0.737,3.15,0.0,0.475,4386
2023-06-18,6.9,547.0,0.804,3.2,0.0,0.508,4484
2023-06-19,4.82,708.0,0.785,2.67,0.0,0.405,6119
2023-06-20,5.96,789.0,0.635,3.17,0.0,0.508,6362
2023-06-21,5.15,761.0,0.778,3.14,0.0,0.477,5739
2023-06-22,5.52,710.0,0.738,3.73,0.0,0.543,6256
2023-06-23,6.72,675.0,0.684,2.89,0.019,0.568,5851
2023-06-24,5.58,740.0,0.727,3.46,0.0,0.433,4634
2023-06-25,5.38,651.0,0.798,3.37,0.014,0.505,4378
2023-06-26,3.92,724.0,0.888,2.55,0.0,0.37,6180
2023-06-27,5.98,725.0,0.796,3.26,0.0,0.514,6285
2023-06-28,5.83,753.0,0.753,3.03,0.0,0.449,6348
2023-06-29,7.29,838.0,0.777,3.51,0.0,0.468,6276
2023-06-30,4.77,720.0,0.782,3.41,0.0,0.457,6002
2023-07-01,5.24,675.0,0.76,3.23,0.0,0.324,4331
2023-07-02,5.22,699.0,0.738,3.2,0.0,0.369,4403
2023-07-03,6.5,612.0,0.682,3.17,0.0,0.486,6065
2023-07-04,4.78,665.0,0.785,2.51,0.0,0.447,6351
2023-07-05,5.1,679.0,0.806,2.96,0.0,0.434,5805
2023-07-06,5.38,674.0,0.788,3.44,0.0,0.382,6275
2023-07-07,4.9,707.0,0.781,2.52,0.0,0.406,6156
2023-07-08,4.22,659.0,0.768,2.53,0.0,0.446,4235
2023-07-09,4.81,756.0,0.834,3.0,0.0,0.473,4275
2023-07-10,5.64,699.0,0.721,2.83,0.0,0.468,6082
2023-07-11,3.49,699.0,0.869,2.46,0.0,0.462,5540
2023-07-12,4.59,683.0,0.758,2.79,0.003,0.458,6023
2023-07-13,3.71,707.0,0.788,2.33,0.0,0.374,6064
2023-07-14,5.55,740.0,0.716,2.82,0.0,0.453,6223
2023-07-15,2.79,655.0,0.819,2.77,0.0,0.313,4336
2023-07-16,3.7,665.0,0.875,2.35,0.0,0.406,4415
2023-07-17,4.59,683.0,0.834,2.44,0.0,0.493,6463
2023-07-18,5.72,630.0,0.834,2.96,0.0,0.506,6295
2023-07-19,4.04,656.0,0.845,3.03,0.0,0.491,6335
2023-07-20,3.51,673.0,0.775,2.64,0.0,0.39,6070
2023-07-21,5.89,740.0,0.766,3.04,0.0,0.544,6144
2023-07-22,2.52,709.0,0.811,2.52,0.0,0.366,4401
2023-07-23,1.72,706.0,0.932,1.82,0.045,0.434,4434
2023-07-24,4.31,738.0,0.754,3.01,0.0,0.428,6172
2023-07-25,3.32,688.0,0.878,2.78,0.0,0.435,6038
2023-07-26,2.75,714.0,0.89,2.43,0.0,0.456,6463
2023-07-27,4.43,689.0,0.903,3.19,0.0,0.423,6084
2023-07-28,3.92,707.0,0.801,2.45,0.0,0.429,6192
2023-07-29,3.07,664.0,0.874,2.95,0.0,0.456,4647
2023-07-30,2.31,571.0,0.968,2.51,0.023,0.367,4628
2023-07-31,4.41,686.0,0.781,2.78,0.0,0.366,5739
2023-08-01,4.15,763.0,0.74,2.82,0.0,0.532,6032
2023-08-02,3.35,738.0,0.739,2.64,0.134,0.404,6099
2023-08-03,5.25,739.0,0.831,3.42,0.0,0.466,6123
2023-08-04,2.29,752.0,0.76,2.14,0.0,0.427,5777
2023-08-05,1.8,694.0,0.845,2.13,0.0,0.323,4231
2023-08-06,2.59,699.0,0.87,2.83,0.0,0.327,4537
2023-08-07,3.19,658.0,0.845,2.46,0.147,0.438,5713
2023-08-08,3.44,672.0,0.853,2.96,0.0,0.314,5909
2023-08-09,2.91,718.0,0.853,3.09,0.082,0.389,6219
2023-08-10,3.47,747.0,0.895,2.57,0.129,0.442,5841
2023-08-11,1.82,679.0,0.816,2.57,0.0,0.341,5787
2023-08-12,4.48,663.0,0.777,2.55,0.0,0.357,3960
2023-08-13,2.91,685.0,0.803,2.81,0.0,0.467,4208
2023-08-14,4.07,714.0,0.86,2.87,0.0,0.427,5531
2023-08-15,3.26,611.0,0.88,2.79,0.008,0.471,5719
2023-08-16,3.34,568.0,0.856,2.47,0.083,0.404,5780
2023-08-17,3.42,654.0,0.891,2.19,0.13,0.385,5968
2023-08-18,3.26,620.0,0.776,2.8,0.0,0.411,5814
2023-08-19,3.42,655.0,0.915,2.06,0.0,0.392,3972
2023-08-20,4.07,672.0,0.895,2.72,0.035,0.37,4299
2023-08-21,2.9,656.0,0.879,2.86,0.071,0.475,5559
2023-08-22,3.38,751.0,0.921,2.73,0.072,0.385,5409
2023-08-23,2.55,693.0,0.766,3.1,0.02,0.289,5598
2023-08-24,4.05,691.0,0.793,3.12,0.07,0.502,5753
2023-08-25,1.9,707.0,0.825,2.18,0.215,0.375,5536
2023-08-26,4.35,618.0,0.849,2.88,0.107,0.422,3865
2023-08-27,2.48,726.0,0.798,2.48,0.037,0.294,4310
2023-08-28,1.06,669.0,0.917,1.74,0.03,0.425,5276
2023-08-29,2.59,706.0,0.917,2.24,0.069,0.327,5260
2023-08-30,1.76,618.0,0.9,2.18,0.256,0.407,5042
2023-08-31,3.25,593.0,0.849,2.04,0.08,0.459,5405
2023-09-01,1.73,710.0,0.816,2.36,0.102,0.393,5405
2023-09-02,1.91,687.0,0.819,2.31,0.062,0.367,4159
2023-09-03,0.45,622.0,0.954,1.59,0.226,0.274,3933
2023-09-04,1.86,623.0,0.902,2.49,0.318,0.379,5128
2023-09-05,0.0,722.0,0.898,2.21,0.174,0.344,5341
2023-09-06,0.68,605.0,0.865,2.2,0.143,0.31,5305
2023-09-07,3.01,746.0,0.739,2.5,0.145,0.429,4765
2023-09-08,3.01,618.0,0.786,2.78,0.0,0.424,5685
2023-09-09,2.63,694.0,0.943,2.73,0.228,0.473,3732
2023-09-10,1.22,645.0,0.812,2.34,0.174,0.31,3709
2023-09-11,2.12,690.0,0.867,2.18,0.209,0.515,5120
2023-09-12,2.15,632.0,0.907,2.51,0.102,0.423,5208
2023-09-13,0.98,650.0,0.818,2.55,0.141,0.358,5009
2023-09-14,3.63,659.0,0.837,2.55,0.145,0.492,4757
2023-09-15,2.99,606.0,0.887,3.23,0.295,0.567,4902
2023-09-16,1.88,692.0,0.863,2.22,0.162,0.317,3639
2023-09-17,2.11,628.0,1.0,2.43,0.414,0.435,3254
2023-09-18,2.28,642.0,0.771,2.25,0.256,0.301,5072
2023-09-19,0.02,602.0,0.953,2.07,0.092,0.329,5038
2023-09-20,1.8,523.0,0.855,1.84,0.214,0.415,4882
2023-09-21,1.36,640.0,0.911,2.11,0.168,0.372,5089
2023-09-22,1.03,770.0,0.901,1.88,0.021,0.302,4916
2023-09-23,1.75,687.0,0.828,2.39,0.407,0.331,3334
2023-09-24,3.82,646.0,0.835,3.06,0.324,0.498,3319
2023-09-25,2.66,633.0,0.754,2.72,0.314,0.515,4293
2023-09-26,1.44,646.0,0.901,1.58,0.284,0.37,4604
2023-09-27,2.58,671.0,0.863,3.13,0.136,0.427,4591
2023-09-28,3.4,584.0,0.864,2.77,0.233,0.37,4276
2023-09-29,2.93,698.0,0.894,2.35,0.372,0.485,4836
2023-09-30,2.06,677.0,0.877,2.46,0.19,0.38,2940
2023-10-01,1.35,676.0,0.88,2.32,0.049,0.312,3060
2023-10-02,2.7,661.0,0.802,2.34,0.286,0.4,4573
2023-10-03,2.4,639.0,0.816,2.54,0.301,0.412,4421
2023-10-04,2.9,670.0,0.901,2.4,0.336,0.473,4034
2023-10-05,2.64,665.0,0.919,2.41,0.402,0.394,4344
2023-10-06,3.06,617.0,0.827,2.41,0.4,0.452,4395
2023-10-07,1.48,605.0,0.873,1.87,0.369,0.416,2960
2023-10-08,3.34,638.0,0.788,2.71,0.469,0.439,3313
2023-10-09,2.23,709.0,0.914,2.62,0.205,0.498,3831
2023-10-10,4.11,569.0,0.851,2.98,0.414,0.463,4076
2023-10-11,1.36,556.0,0.97,2.52,0.433,0.394,4298
2023-10-12,3.79,637.0,0.78,2.86,0.253,0.415,4142
2023-10-13,2.26,630.0,0.836,2.29,0.233,0.505,3939
2023-10-14,1.43,635.0,0.883,2.54,0.316,0.434,2791
2023-10-15,1.61,638.0,0.9,1.91,0.331,0.368,2939
2023-10-16,1.78,613.0,0.854,2.09,0.479,0.505,3950
2023-10-17,2.54,698.0,0.806,2.22,0.349,0.456,3932
2023-10-18,2.65,542.0,0.891,2.85,0.331,0.459,4006
2023-10-19,1.57,580.0,0.905,2.6,0.362,0.402,3618
2023-10-20,2.14,615.0,0.811,2.57,0.542,0.435,3588
2023-10-21,4.32,537.0,0.881,3.19,0.438,0.534,2307
2023-10-22,3.93,610.0,0.88,2.52,0.425,0.476,2453
2023-10-23,2.65,701.0,0.854,2.64,0.438,0.558,3775
2023-10-24,2.28,618.0,0.858,2.42,0.585,0.422,3543
2023-10-25,2.38,627.0,0.88,2.73,0.387,0.526,4081
2023-10-26,2.89,552.0,0.799,2.54,0.6,0.501,3403
2023-10-27,1.28,583.0,0.876,2.14,0.496,0.452,3513
2023-10-28,2.07,594.0,0.751,2.58,0.465,0.497,2392
2023-10-29,0.68,596.0,0.93,2.4,0.737,0.436,2244
2023-10-30,2.77,675.0,0.766,2.35,0.387,0.504,3359
2023-10-31,3.04,638.0,0.914,2.59,0.464,0.349,3652
2023-11-01,1.94,554.0,0.845,2.07,0.382,0.399,3425
2023-11-02,4.02,621.0,0.809,2.06,0.606,0.496,2999
2023-11-03,1.25,632.0,0.844,2.31,0.686,0.412,3043
2023-11-04,1.04,664.0,0.865,2.39,0.689,0.458,2155
2023-11-05,2.76,685.0,0.916,2.63,0.65,0.532,2210
2023-11-06,3.61,554.0,0.703,2.14,0.514,0.546,3265
2023-11-07,4.28,564.0,0.878,2.75,0.503,0.541,2810
2023-11-08,2.17,540.0,0.874,1.77,0.378,0.407,3162
2023-11-09,3.74,591.0,0.765,3.16,0.754,0.581,2882
2023-11-10,2.65,625.0,0.793,2.2,0.602,0.506,2621
2023-11-11,2.55,650.0,0.933,2.89,0.512,0.526,2005
2023-11-12,3.64,596.0,0.78,3.01,0.699,0.588,1781
2023-11-13,3.45,583.0,0.773,2.42,0.474,0.5,2784
2023-11-14,1.25,606.0,0.932,1.91,0.617,0.416,3070
2023-11-15,4.34,556.0,0.83,2.97,0.564,0.51,2813
2023-11-16,4.28,702.0,0.767,2.6,0.65,0.531,2660
2023-11-17,2.31,516.0,0.865,2.49,0.584,0.47,2963
2023-11-18,3.37,605.0,0.781,2.53,0.45,0.505,2337
2023-11-19,3.51,696.0,0.885,2.17,0.607,0.563,2270
2023-11-20,3.31,595.0,0.887,1.99,0.709,0.539,2338
2023-11-21,2.54,584.0,0.876,2.58,0.606,0.498,2901
2023-11-22,2.46,575.0,0.869,2.32,0.691,0.519,2677
2023-11-23,3.15,583.0,0.925,2.46,0.513,0.471,2842
2023-11-24,4.39,660.0,0.812,3.09,0.619,0.509,2566
2023-11-25,3.8,481.0,0.765,3.11,0.563,0.439,1845
2023-11-26,2.93,667.0,0.864,2.5,0.704,0.494,1859
2023-11-27,4.11,519.0,0.922,2.72,0.637,0.574,2477
2023-11-28,0.54,576.0,0.839,2.26,0.706,0.422,2499
2023-11-29,4.58,567.0,0.79,2.51,0.75,0.575,2342
2023-11-30,1.73,618.0,0.886,2.41,0.714,0.518,2647
2023-12-01,3.16,508.0,0.834,2.8,0.675,0.556,2618
2023-12-02,2.44,610.0,0.802,2.69,0.551,0.43,2006
2023-12-03,2.31,688.0,0.91,1.88,0.654,0.55,1700
2023-12-04,4.82,518.0,0.92,2.73,0.604,0.622,2515
2023-12-05,3.23,595.0,0.845,2.38,0.626,0.466,2715
2023-12-06,4.09,552.0,0.773,2.85,0.626,0.507,2655
2023-12-07,3.75,606.0,0.748,2.89,0.568,0.586,2403
2023-12-08,4.32,586.0,0.826,3.31,0.473,0.517,2452
2023-12-09,3.97,552.0,0.876,2.65,0.605,0.429,1762
2023-12-10,2.66,608.0,0.871,2.38,0.693,0.448,1482
2023-12-11,4.98,674.0,0.8,3.34,0.542,0.545,2363
2023-12-12,3.54,574.0,0.8,2.8,0.68,0.484,2518
2023-12-13,2.53,619.0,0.795,2.89,0.871,0.529,2412
2023-12-14,3.71,518.0,0.868,2.83,0.785,0.57,2228
2023-12-15,5.68,534.0,0.832,2.79,0.849,0.714,2153
2023-12-16,5.08,606.0,0.721,2.62,0.726,0.583,1289
2023-12-17,3.94,656.0,0.901,2.32,0.805,0.633,1664
2023-12-18,3.98,599.0,0.849,3.0,0.618,0.615,2299
2023-12-19,4.06,566.0,0.889,3.17,0.627,0.619,2257
2023-12-20,6.51,581.0,0.703,3.86,0.419,0.593,2185
2023-12-21,4.87,518.0,0.734,3.23,0.813,0.51,2128
2023-12-22,4.97,611.0,0.793,3.34,0.849,0.642,2020
2023-12-23,5.62,625.0,0.813,2.95,0.641,0.649,1606
2023-12-24,4.88,558.0,0.892,2.63,0.672,0.577,1454
2023-12-25,4.43,557.0,0.847,3.14,0.622,0.645,2560
2023-12-26,4.55,594.0,0.797,3.03,0.737,0.627,2461
2023-12-27,4.72,558.0,0.754,2.98,0.812,0.632,1914
2023-12-28,4.81,577.0,0.865,3.08,0.525,0.604,2316
2023-12-29,5.62,685.0,0.739,3.22,0.741,0.634,1985
2023-12-30,5.0,568.0,0.881,3.39,0.672,0.46,1499
2023-12-31,5.73,562.0,0.771,3.54,0.711,0.589,1815
2024-01-01,4.97,548.0,0.88,3.16,0.746,0.658,2103
2024-01-02,5.18,617.0,0.83,3.29,0.681,0.551,2295
2024-01-03,3.16,571.0,0.83,2.79,0.689,0.521,2392
2024-01-04,6.12,548.0,0.752,3.09,0.678,0.567,1940
2024-01-05,5.6,646.0,0.771,3.35,0.796,0.716,1897
2024-01-06,6.31,651.0,0.795,2.84,0.74,0.721,1125
2024-01-07,2.46,550.0,0.855,2.81,0.719,0.474,1426
2024-01-08,7.5,487.0,0.72,3.14,0.569,0.646,1536
2024-01-09,5.32,631.0,0.785,3.15,0.657,0.557,2338
2024-01-10,6.62,547.0,0.771,3.07,0.784,0.686,2467
2024-01-11,4.52,621.0,0.703,3.07,0.697,0.601,2213
2024-01-12,6.23,483.0,0.798,3.24,0.757,0.679,1813
2024-01-13,4.61,626.0,0.759,2.44,0.867,0.628,1264
2024-01-14,5.09,521.0,0.74,3.14,0.792,0.758,1247
2024-01-15,7.68,619.0,0.662,3.36,0.696,0.618,1885
2024-01-16,5.63,583.0,0.698,3.39,0.634,0.51,2415
2024-01-17,6.08,535.0,0.711,3.22,0.428,0.548,2485
2024-01-18,6.78,563.0,0.729,3.48,0.664,0.558,1972
2024-01-19,6.46,617.0,0.868,3.0,0.646,0.548,2461
2024-01-20,6.16,589.0,0.75,3.06,0.716,0.578,1778
2024-01-21,6.43,613.0,0.78,3.15,0.659,0.578,1901
2024-01-22,8.51,683.0,0.75,3.96,0.64,0.636,2782
2024-01-23,6.1,506.0,0.785,3.72,0.491,0.607,2181
2024-01-24,6.41,666.0,0.768,3.04,0.572,0.581,2922
2024-01-25,7.3,591.0,0.694,3.78,0.711,0.652,2122
2024-01-26,7.4,541.0,0.824,2.83,0.832,0.733,2047
2024-01-27,7.53,520.0,0.84,3.15,0.648,0.617,1606
2024-01-28,7.03,577.0,0.675,3.12,0.687,0.635,1351
2024-01-29,5.29,633.0,0.743,2.65,0.746,0.626,2415
2024-01-30,8.11,581.0,0.724,3.15,0.567,0.56,2098
2024-01-31,5.38,664.0,0.744,3.2,0.681,0.478,2414
